Company,TypeName,Ram,OpSys,Weight,Price,TouchScreen,IPS,PPI,CPU_name,HDD,SSD,Gpu brand,Predicted Price
Apple,Ultrabook,8,Mac,1.37,71378.6832,0,1,226.98300468106115,Intel Core i5,0,0,Intel,83915.41102025082
Apple,Ultrabook,8,Mac,1.34,47895.5232,0,0,127.67794013309688,Intel Core i5,0,0,Intel,53946.65688896573
HP,Notebook,8,Other,1.86,30636.0,0,0,141.21199808219862,Intel Core i5,0,0,Intel,36910.08034808643
Apple,Ultrabook,16,Mac,1.83,135195.33599999998,0,1,220.53462386625827,Intel Core i7,0,0,AMD,135313.69033028843
Apple,Ultrabook,8,Mac,1.37,96095.808,0,1,226.98300468106115,Intel Core i5,0,0,Intel,83915.41102025082
Acer,Notebook,4,Windows,2.1,21312.0,0,0,100.45466986113651,AMD Processor,0,0,AMD,21995.15761447032
Apple,Ultrabook,16,Mac,2.04,114017.6016,0,1,220.53462386625827,Intel Core i7,0,0,Intel,124458.9312532346
Apple,Ultrabook,8,Mac,1.34,61735.536,0,0,127.67794013309688,Intel Core i5,0,0,Intel,53946.65688896573
Asus,Ultrabook,16,Windows,1.3,79653.59999999999,0,0,157.3505121487356,Intel Core i7,0,0,Nvidia,89498.14621086449
Acer,Ultrabook,8,Windows,1.6,41025.6,0,1,157.3505121487356,Intel Core i5,0,0,Intel,48910.76129966199
HP,Notebook,4,Other,1.86,20986.992,0,0,100.45466986113651,Intel Core i5,0,0,Intel,26258.99027262666
HP,Notebook,4,Other,1.86,18381.0672,0,0,141.21199808219862,Intel Core i3,0,0,Intel,20466.488049784188
Apple,Ultrabook,16,Mac,1.83,130001.6016,0,1,220.53462386625827,Intel Core i7,0,0,AMD,135313.69033028843
Dell,Notebook,4,Windows,2.2,26581.392,0,0,141.21199808219862,Intel Core i3,0,0,AMD,26922.255090704566
Apple,Ultrabook,8,Mac,0.92,67260.672,0,1,226.41554716935852,Other Intel Processor,0,0,Intel,67267.4134910889
Apple,Ultrabook,8,Mac,1.37,80908.344,0,1,226.98300468106115,Intel Core i5,0,0,Intel,83915.41102025082
Dell,Notebook,8,Windows,2.2,39693.6,0,0,141.21199808219862,Intel Core i7,0,0,AMD,46389.153424003554
Apple,Ultrabook,16,Mac,1.83,152274.24,0,1,220.53462386625827,Intel Core i7,0,0,AMD,135313.69033028843
Lenovo,Notebook,8,Other,2.2,26586.72,0,0,141.21199808219862,Intel Core i3,0,0,Nvidia,29623.244779180193
Dell,Ultrabook,8,Windows,1.22,52161.12,1,1,165.6321180513006,Intel Core i5,0,0,Intel,65910.98620823925
Asus,Netbook,2,Windows,0.98,10224.432,0,0,135.0942111925629,Other Intel Processor,0,0,Intel,13308.722021769296
Lenovo,Gaming,8,Windows,2.5,53226.72,0,1,141.21199808219862,Intel Core i5,0,0,Nvidia,49400.207829744526
HP,Notebook,4,Other,1.86,13746.24,0,0,100.45466986113651,AMD Processor,0,0,AMD,16816.612031009478
Dell,2 in 1 Convertible,8,Windows,1.62,43636.32,1,0,165.6321180513006,Intel Core i5,0,0,Intel,45789.4008106685
HP,Ultrabook,8,Windows,1.91,35111.52,0,0,141.21199808219862,Intel Core i7,0,0,Intel,52388.215316532
Dell,Notebook,4,Windows,2.3,22305.1392,0,0,100.45466986113651,Intel Core i3,0,0,Intel,24160.238353153443
Apple,Ultrabook,8,Mac,1.35,58554.72,0,0,127.67794013309688,Intel Core i5,0,0,Intel,55424.75159551055
Dell,Notebook,8,Windows,2.2,42624.0,0,0,141.21199808219862,Intel Core i5,0,0,AMD,40924.17387818045
Dell,Ultrabook,8,Windows,1.88,69157.44,0,0,141.21199808219862,Intel Core i7,0,0,Intel,63694.543669442704
HP,Notebook,8,Windows,2.5,47738.88,0,0,127.33567457123111,Intel Core i5,0,0,Nvidia,49778.236509461676
Chuwi,Notebook,4,Windows,1.89,13053.0672,0,0,141.21199808219862,Other Intel Processor,0,0,Intel,16088.140549763999
Asus,Notebook,2,Windows,1.65,10602.72,0,0,111.93520355955211,AMD Processor,0,0,AMD,20542.63002449636
HP,Notebook,4,Windows,2.71,23389.92,0,0,127.33567457123111,AMD Processor,0,0,AMD,25984.35077719486
Dell,Ultrabook,16,Windows,1.2,99580.32,1,0,276.053530085501,Intel Core i7,0,0,Intel,114770.48333773836
Apple,Ultrabook,8,Mac,1.35,53173.44,0,0,127.67794013309688,Intel Core i5,0,0,Intel,55424.75159551055
Lenovo,Notebook,4,Windows,1.44,13266.72,0,0,111.93520355955211,Other Intel Processor,0,0,Intel,14826.981989348978
Acer,Notebook,4,Other,2.1,19553.76,0,0,100.45466986113651,Intel Core i3,0,0,Intel,20880.37925891516
Dell,Notebook,8,Windows,2.8,52161.12,0,1,127.33567457123111,Intel Core i5,0,0,AMD,53006.43489272849
HP,Notebook,4,Windows,1.86,26037.4032,0,0,100.45466986113651,Intel Core i5,0,0,Intel,32782.80960567693
HP,Notebook,8,Windows,2.1,46833.12,0,0,141.21199808219862,Intel Core i5,0,0,Nvidia,46381.47849407516
Asus,Notebook,4,Other,2.0,20725.92,0,0,141.21199808219862,Intel Core i3,0,0,Intel,22672.06361809836
Dell,Gaming,16,Windows,2.65,79866.72,0,1,141.21199808219862,Intel Core i7,0,0,Nvidia,75266.88256066063
Asus,Notebook,8,Other,2.3,27864.9072,0,0,100.45466986113651,Intel Core i5,0,0,Nvidia,32239.644192563475
Acer,Notebook,4,Windows,2.2,36336.96,0,1,141.21199808219862,Intel Core i5,0,0,Intel,36178.403721585
Dell,2 in 1 Convertible,12,Windows,2.77,53226.72,1,0,127.33567457123111,Intel Core i5,0,0,Nvidia,61502.551774106985
Apple,Ultrabook,8,Mac,1.37,75604.31999999999,0,1,226.98300468106115,Intel Core i5,0,0,Intel,83915.41102025082
Lenovo,Notebook,4,Other,2.2,19660.32,0,0,100.45466986113651,Intel Core i3,0,0,Intel,22037.76865302668
Asus,Gaming,8,Windows,3.2,69210.72,0,0,127.33567457123111,AMD Processor,0,0,AMD,71754.8580149949
Dell,Notebook,4,Windows,2.3,34045.92,0,0,141.21199808219862,Intel Core i5,0,0,AMD,33656.608240194175
Asus,Notebook,4,Windows,2.8,24828.48,0,0,90.58340172449303,Other Intel Processor,0,0,Nvidia,24359.68401272879
Lenovo,2 in 1 Convertible,4,Other,0.69,16996.32,1,1,224.17380907857276,Other Intel Processor,0,0,Intel,23329.661914796325
Acer,Notebook,8,Windows,2.2,44808.48,0,1,141.21199808219862,Intel Core i7,0,0,Nvidia,45627.01879876893
HP,Notebook,4,Windows,1.86,21231.5472,0,0,141.21199808219862,AMD Processor,0,0,AMD,23108.908819468958
HP,Notebook,8,Windows,1.49,58767.84,0,0,165.6321180513006,Intel Core i7,0,0,Intel,61146.07565561052
Acer,Notebook,4,Windows,2.4,20459.52,0,0,100.45466986113651,Intel Core i3,0,0,Intel,22739.819406444283
Dell,Notebook,8,Windows,2.13,40908.384,0,0,141.21199808219862,Intel Core i7,0,0,AMD,47615.639310694656
HP,Notebook,4,Windows,1.91,23389.92,0,0,141.21199808219862,Intel Core i3,0,0,Intel,26519.215105659587
Asus,Notebook,4,Windows,2.0,31232.203200000004,0,0,100.45466986113651,Intel Core i5,0,0,Intel,35646.44620362062
MSI,Gaming,16,Windows,2.43,130482.72,0,0,127.33567457123111,Intel Core i7,0,0,Nvidia,93656.09070209942
Asus,Notebook,4,Other,2.0,22111.2,0,0,141.21199808219862,Intel Core i3,0,0,Intel,22672.06361809836
Dell,Notebook,16,Windows,2.8,69210.72,0,0,127.33567457123111,Intel Core i7,0,0,AMD,72653.85114892345
Dell,Ultrabook,8,Windows,1.7,46833.12,0,0,157.3505121487356,Intel Core i5,0,0,Intel,53394.400008606826
Lenovo,Notebook,8,Other,1.7,31914.72,0,1,157.3505121487356,Intel Core i3,0,0,Intel,37365.506719637175
Asus,Notebook,8,Windows,1.4,50136.48,0,0,157.3505121487356,Intel Core i5,0,0,Intel,60099.20774587915
HP,Notebook,8,Windows,1.86,36763.2,0,0,141.21199808219862,Intel Core i5,0,0,Intel,50414.02942323843
Asus,Ultrabook,16,Windows,1.8,105654.24,0,0,141.21199808219862,Intel Core i7,0,0,Nvidia,96632.67287438168
HP,Notebook,4,Windows,1.86,23373.4032,0,0,100.45466986113651,Intel Core i3,0,0,AMD,23884.0831800385
HP,Notebook,4,Windows,1.44,12201.12,0,0,111.93520355955211,Other Intel Processor,0,0,Intel,16441.367753931703
Lenovo,Notebook,4,Windows,1.9,29250.72,0,0,141.21199808219862,Intel Core i5,0,0,Intel,40406.766962021546
Asus,Gaming,12,Other,3.0,50562.72,0,0,127.33567457123111,Intel Core i7,0,0,Nvidia,63312.41930820795
Microsoft,Ultrabook,4,Windows,1.252,58021.92,1,0,200.84255993695703,Intel Core i5,0,0,Intel,66758.72715350882
Dell,Ultrabook,8,Windows,1.4,50882.4,0,1,165.6321180513006,Intel Core i7,0,0,AMD,61197.92594431645
Dell,Notebook,8,Windows,2.2,46353.6,0,0,141.21199808219862,Intel Core i7,0,0,AMD,46389.153424003554
MSI,Gaming,8,Windows,2.7,58341.6,0,0,127.33567457123111,Intel Core i5,0,0,Nvidia,62703.0575024403
Acer,Notebook,8,Windows,2.1,20725.92,0,0,111.93520355955211,Intel Core i3,0,0,Intel,27581.52137434205
Asus,Gaming,8,Windows,2.2,50562.72,0,0,141.21199808219862,Intel Core i7,0,0,Nvidia,61344.945803326635
Lenovo,Notebook,8,Other,2.2,27652.32,0,0,141.21199808219862,Intel Core i5,0,0,Intel,30221.57994869792
Dell,Notebook,8,Windows,2.02,45554.4,0,0,141.21199808219862,Intel Core i7,0,0,Intel,53962.85486429823
Acer,Notebook,4,Windows,2.2,28238.4,0,0,141.21199808219862,Intel Core i3,0,0,Nvidia,28459.034359607977
HP,Notebook,8,Windows,2.5,52054.56,0,0,127.33567457123111,Intel Core i5,0,0,Nvidia,49778.236509461676
Dell,Ultrabook,8,Windows,1.88,58403.4048,0,1,141.21199808219862,Intel Core i5,0,0,Intel,54675.432306174305
Apple,Ultrabook,8,Mac,0.92,80452.8,0,1,226.41554716935852,Intel Core i5,0,0,Intel,75515.36878944014
HP,Notebook,8,Windows,1.63,45820.8,0,0,157.3505121487356,Intel Core i5,0,0,Intel,49819.155379961856
Lenovo,Notebook,4,Windows,2.2,21258.72,0,0,141.21199808219862,AMD Processor,0,0,AMD,24047.808549044825
Acer,Notebook,4,Windows,2.1,21045.6,0,0,100.45466986113651,AMD Processor,0,0,AMD,21995.15761447032
Dell,Gaming,16,Windows,2.65,71874.72,0,1,141.21199808219862,Intel Core i7,0,0,Nvidia,75266.88256066063
HP,Ultrabook,8,Windows,1.83,37242.72,0,1,141.21199808219862,Intel Core i7,0,0,Nvidia,50868.558682567396
HP,Notebook,8,Windows,1.96,31914.1872,0,0,141.21199808219862,Intel Core i5,0,0,Intel,44602.49937365
Asus,Gaming,16,Windows,2.2,77202.72,0,1,141.21199808219862,Intel Core i7,0,0,Nvidia,89272.28097237968
Dell,Ultrabook,8,Windows,1.21,87858.72,0,1,165.6321180513006,Intel Core i7,0,0,Intel,80334.0901040108
Asus,Gaming,8,Windows,2.45,37242.72,0,0,141.21199808219862,AMD Processor,0,0,AMD,46746.00172585161
Acer,Notebook,8,Windows,2.2,36709.92,0,0,141.21199808219862,Intel Core i7,0,0,Nvidia,43722.61394929035
HP,Notebook,16,Windows,1.49,63776.16,0,0,165.6321180513006,Intel Core i7,0,0,Intel,74217.89495442518
Dell,Gaming,8,Windows,2.65,63669.6,0,0,141.21199808219862,Intel Core i5,0,0,Nvidia,53346.20526036208
Asus,Ultrabook,8,Windows,1.25,55890.72,0,0,157.3505121487356,Intel Core i7,0,0,Intel,63548.534920991515
Acer,2 in 1 Convertible,8,Windows,1.5,45128.16,1,1,165.6321180513006,Intel Core i5,0,0,Intel,56734.01152124659
Dell,Notebook,8,Other,2.2,31962.672,0,0,141.21199808219862,Intel Core i7,0,0,AMD,38391.19058940272
Dell,Notebook,4,Other,2.2,25840.8,0,0,141.21199808219862,Intel Core i3,0,0,AMD,25000.103937902342
Asus,Notebook,6,Windows,2.0,30742.56,0,0,141.21199808219862,Intel Core i3,0,0,Nvidia,30215.11664287715
HP,Gaming,12,Windows,2.62,66546.72,0,1,141.21199808219862,Intel Core i7,0,0,Nvidia,66741.66631329406
HP,Notebook,8,Windows,1.91,38308.32,0,0,141.21199808219862,Intel Core i7,0,0,AMD,49765.1541744915
HP,Notebook,4,Windows,2.1,18594.72,0,0,141.21199808219862,AMD Processor,0,0,AMD,24494.912221640807
Dell,Notebook,8,Other,2.2,34472.16,0,0,141.21199808219862,Intel Core i5,0,0,AMD,35988.51868823914
HP,Ultrabook,8,Windows,1.38,59620.32,0,1,165.6321180513006,Intel Core i7,0,0,Nvidia,63295.10611331049
Microsoft,Ultrabook,8,Windows,1.252,71395.2,1,0,200.84255993695703,Intel Core i5,0,0,Intel,76935.19691443052
HP,Notebook,6,Windows,1.58,35111.52,0,1,157.3505121487356,Intel Core i5,0,0,Nvidia,39280.93145567998
Lenovo,Notebook,4,Windows,1.85,22105.872,0,0,141.21199808219862,Intel Core i3,0,0,Intel,24394.710805002123
Asus,Ultrabook,8,Windows,1.3,63563.04,0,1,157.3505121487356,Intel Core i7,0,0,Nvidia,61428.38891966708
MSI,Gaming,16,Windows,2.2,69210.72,0,0,141.21199808219862,Intel Core i7,0,0,Nvidia,82900.43814943335
Lenovo,Notebook,8,Windows,1.58,78854.4,0,1,157.3505121487356,Intel Core i7,0,0,Intel,63210.038161271324
Asus,Ultrabook,16,Windows,1.5,67239.36,0,0,141.21199808219862,Intel Core i7,0,0,Nvidia,83226.45334585413
Dell,Ultrabook,8,Windows,1.23,73473.12,1,0,276.053530085501,Intel Core i7,0,0,Intel,81963.26178958264
Lenovo,2 in 1 Convertible,8,Windows,1.37,74538.72,1,1,165.6321180513006,Intel Core i5,0,0,Intel,80502.44257949083
HP,Notebook,4,Windows,1.63,38468.16,0,1,111.93520355955211,Intel Core i5,0,0,Intel,42588.29242711839
Dell,Ultrabook,8,Windows,1.21,86793.12,0,1,165.6321180513006,Intel Core i5,0,0,Intel,73680.19039789135
HP,2 in 1 Convertible,8,Windows,1.26,74538.1872,1,1,165.6321180513006,Intel Core i5,0,0,Intel,74928.15148260811
HP,Notebook,8,Windows,1.63,57755.52,0,0,157.3505121487356,Intel Core i7,0,0,Intel,56887.00215912813
Dell,Notebook,8,Windows,2.16,60223.98239999999,0,1,141.21199808219862,Intel Core i7,0,0,Nvidia,55790.56811978118
Asus,Notebook,4,Windows,2.0,30049.92,0,0,127.33567457123111,Intel Core i3,0,0,Nvidia,30112.079304399453
Asus,Notebook,8,Windows,1.7,59567.04,0,0,141.21199808219862,Intel Core i7,0,0,Nvidia,60425.969901045915
Acer,Notebook,6,Windows,2.1,25521.12,1,1,141.21199808219862,Intel Core i3,0,0,Intel,30505.216498536454
MSI,Gaming,16,Windows,1.8,119427.12,0,0,141.21199808219862,Intel Core i7,0,0,Nvidia,105161.96405222628
Lenovo,Notebook,8,Other,2.2,33513.119999999995,0,0,141.21199808219862,Intel Core i5,0,0,Nvidia,33567.45582041707
HP,Notebook,16,Windows,2.5,67718.88,0,0,127.33567457123111,Intel Core i7,0,0,Nvidia,75943.70129519893
Acer,Notebook,4,Windows,2.1,24029.28,0,0,100.45466986113651,AMD Processor,0,0,AMD,21995.15761447032
HP,Notebook,4,Other,1.86,13799.52,0,0,100.45466986113651,Other Intel Processor,0,0,Intel,15808.185178803733
HP,Notebook,8,Windows,1.63,43263.36,0,0,157.3505121487356,Intel Core i5,0,0,Intel,49819.155379961856
Asus,Notebook,4,Windows,1.65,14811.3072,0,0,111.93520355955211,AMD Processor,0,0,AMD,27654.448510906186
Dell,Notebook,16,Windows,2.8,74378.87999999999,0,0,127.33567457123111,Intel Core i7,0,0,AMD,72653.85114892345
HP,Notebook,8,Windows,2.5,49443.84,0,0,127.33567457123111,Intel Core i5,0,0,Intel,51939.063960818545
Dell,Notebook,8,Windows,2.36,34045.3872,0,0,100.45466986113651,Intel Core i5,0,0,AMD,34562.35490179525
Dell,Notebook,4,Windows,2.2,23922.72,0,0,141.21199808219862,Intel Core i3,0,0,AMD,26922.255090704566
Acer,Ultrabook,8,Windows,1.6,47099.52,0,1,157.3505121487356,Intel Core i7,0,0,Intel,59265.0222207479
Acer,Notebook,4,Windows,2.2,30476.16,0,0,141.21199808219862,Intel Core i3,0,0,Nvidia,28459.034359607977
HP,Notebook,8,Windows,2.05,31861.44,0,0,100.45466986113651,Intel Core i7,0,0,Intel,33380.546858402675
HP,Notebook,8,Windows,1.63,52640.64,0,0,157.3505121487356,Intel Core i7,0,0,Intel,56887.00215912813
Lenovo,Notebook,4,Other,1.9,13445.7408,0,0,100.45466986113651,Other Intel Processor,0,0,Intel,15464.998800582372
Asus,Gaming,8,Windows,3.0,49976.64,0,0,127.33567457123111,Intel Core i5,0,0,Nvidia,70153.874612748
Lenovo,Notebook,4,Other,2.2,26586.72,0,0,141.21199808219862,Intel Core i5,0,0,Nvidia,27343.098475689003
HP,Notebook,4,Windows,1.32,37242.72,0,1,165.6321180513006,Intel Core i5,0,0,Intel,50367.6588104156
Acer,Notebook,4,Windows,3.0,34898.4,0,1,127.33567457123111,Intel Core i3,0,0,Nvidia,33959.70194358928
Lenovo,Notebook,8,Windows,1.75,59461.5456,0,1,157.3505121487356,Intel Core i5,0,0,AMD,58922.77661322649
Lenovo,Gaming,8,Other,2.4,46300.32,0,1,141.21199808219862,Intel Core i7,0,0,Nvidia,53645.958438118214
Toshiba,Notebook,4,Windows,2.1,32074.56,0,0,100.45466986113651,Intel Core i5,0,0,Intel,36013.45457515229
HP,Notebook,4,Windows,1.86,19660.32,0,0,100.45466986113651,AMD Processor,0,0,AMD,18181.58676548983
Asus,Ultrabook,8,Windows,1.25,58554.72,0,0,157.3505121487356,Intel Core i7,0,0,Intel,63548.534920991515
HP,Ultrabook,8,Windows,0.97,107305.92,1,1,352.4651472131677,Other Intel Processor,0,0,Intel,76685.35208977446
Asus,Notebook,4,Windows,2.0,18328.32,0,0,141.21199808219862,Other Intel Processor,0,0,Intel,18334.72452496102
MSI,Gaming,16,Windows,2.9,108105.12,0,0,127.33567457123111,Intel Core i7,0,0,Nvidia,112712.82717567719
Acer,Notebook,4,Windows,2.1,23816.16,0,0,100.45466986113651,Intel Core i3,0,0,Intel,24587.310501233365
Dell,Gaming,16,Windows,2.56,66560.5728,0,0,141.21199808219862,Intel Core i7,0,0,Nvidia,65261.96153498115
Dell,Gaming,8,Windows,2.62,47898.72,0,0,141.21199808219862,Intel Core i7,0,0,Nvidia,57449.235464752484
Lenovo,Notebook,4,Windows,1.9,26533.44,0,0,100.45466986113651,Intel Core i5,0,0,Intel,34229.68742040217
MSI,Gaming,16,Windows,2.8,100699.2,0,0,127.33567457123111,Intel Core i7,0,0,Nvidia,106554.30597038959
HP,Ultrabook,4,Windows,1.48,57648.96,0,0,157.3505121487356,Intel Core i5,0,0,Intel,61900.28657250888
HP,Notebook,6,Windows,1.91,32980.32,0,0,141.21199808219862,Intel Core i5,0,0,AMD,39183.84077885067
Lenovo,2 in 1 Convertible,4,Windows,1.74,33513.119999999995,1,1,157.3505121487356,Intel Core i3,0,0,Intel,34847.16649116122
Asus,2 in 1 Convertible,8,Windows,1.1,70063.2,1,0,165.6321180513006,Intel Core i5,0,0,Intel,66618.7186722674
Dell,2 in 1 Convertible,8,Windows,1.56,55890.72,1,0,141.21199808219862,Intel Core i7,0,0,Intel,58982.424876049605
Toshiba,Notebook,4,Windows,2.1,23816.16,0,0,100.45466986113651,Intel Core i3,0,0,Intel,25536.004529785023
Asus,Notebook,4,Windows,2.03,21471.84,0,0,100.45466986113651,AMD Processor,0,0,AMD,21136.707988043545
Acer,Notebook,4,Windows,3.0,42890.4,0,1,127.33567457123111,Intel Core i5,0,0,Nvidia,37780.73953281026
Dell,Notebook,8,Windows,2.13,38787.84,0,0,141.21199808219862,Intel Core i5,0,0,AMD,42220.323051463325
Lenovo,Gaming,16,Windows,2.5,57489.12,0,1,141.21199808219862,Intel Core i7,0,0,Nvidia,63768.00300512693
Acer,Notebook,4,Windows,2.1,18541.44,0,0,100.45466986113651,Other Intel Processor,0,0,Intel,18527.985622077696
MSI,Gaming,16,Windows,2.4,95850.72,0,1,141.21199808219862,Intel Core i7,0,0,Nvidia,87353.37791903294
Acer,Notebook,4,Windows,2.1,19367.8128,0,0,100.45466986113651,Other Intel Processor,0,0,Intel,18527.985622077696
Dell,Gaming,8,Windows,2.56,56502.9072,0,0,141.21199808219862,Intel Core i7,0,0,Nvidia,57561.19419292609
Acer,Notebook,8,Windows,3.0,45501.12,0,1,127.33567457123111,Intel Core i5,0,0,Nvidia,52422.70652595959
HP,Notebook,4,Windows,1.49,40173.12,0,1,165.6321180513006,Intel Core i5,0,0,Intel,43923.52622563905
Huawei,Ultrabook,8,Windows,1.05,71874.72,0,1,199.69207064108247,Intel Core i5,0,0,Intel,76793.03936363016
HP,Notebook,6,Windows,2.71,37242.72,0,1,127.33567457123111,Intel Core i5,0,0,AMD,39187.45363096194
Lenovo,Notebook,4,Other,2.2,16463.52,0,0,100.45466986113651,AMD Processor,0,0,AMD,18358.222283623178
Toshiba,Notebook,4,Windows,2.0,26053.92,0,0,100.45466986113651,Intel Core i3,0,0,Intel,27669.928584595527
HP,Notebook,8,Windows,2.5,49177.44,0,0,127.33567457123111,Intel Core i5,0,0,Nvidia,49778.236509461676
Dell,Notebook,8,Windows,2.3,24455.52,0,0,100.45466986113651,Intel Core i3,0,0,Intel,27772.15367036256
Acer,Notebook,4,Windows,2.1,23922.72,0,0,100.45466986113651,Intel Core i3,0,0,Intel,24587.310501233365
MSI,Gaming,32,Windows,4.4,149130.72,0,0,119.7232157653423,Intel Core i7,0,0,Nvidia,155199.67306079832
Lenovo,Notebook,8,Windows,1.9,43316.64,0,0,141.21199808219862,Intel Core i5,0,0,AMD,51671.8725926246
HP,2 in 1 Convertible,8,Windows,1.29,79866.72,1,1,331.2642361026012,Intel Core i5,0,0,Intel,79662.88128291634
Dell,Notebook,16,Other,2.02,55890.72,0,0,141.21199808219862,Intel Core i7,0,0,AMD,63393.535571803484
Dell,Ultrabook,8,Windows,1.23,74538.72,0,0,165.6321180513006,Intel Core i5,0,0,Intel,74938.83227173518
Lenovo,2 in 1 Convertible,16,Windows,1.4,98514.72,1,1,316.96506044349616,Intel Core i7,0,0,Intel,106994.02878550287
Toshiba,Notebook,8,Windows,2.0,42251.04,0,0,100.45466986113651,Intel Core i5,0,0,Intel,43016.54558878458
Xiaomi,Notebook,8,Other,1.95,63882.72,0,1,141.21199808219862,Intel Core i5,0,0,Nvidia,46967.30440170268
Dell,Notebook,16,Windows,2.77,82530.72,1,0,127.33567457123111,Intel Core i7,0,0,Nvidia,81491.35650185024
Dell,Notebook,16,Windows,2.06,127712.16,1,0,282.42399616439724,Intel Core i7,0,0,Nvidia,117761.41168765776
Lenovo,Gaming,8,Other,2.4,41505.12,0,1,141.21199808219862,Intel Core i5,0,0,Nvidia,45116.930517205605
Acer,Ultrabook,8,Windows,1.12,52693.92,0,1,165.6321180513006,Intel Core i5,0,0,Intel,73685.19921738158
Dell,Notebook,8,Windows,2.8,57808.8,0,0,127.33567457123111,Intel Core i7,0,0,AMD,61318.614339312866
Lenovo,2 in 1 Convertible,16,Windows,1.42,150462.72,1,0,209.8006828649808,Intel Core i7,0,0,Intel,122316.54876539607
Vero,Notebook,4,Windows,1.3,13852.8,0,1,157.3505121487356,Other Intel Processor,0,0,Intel,14674.466528833093
Xiaomi,Ultrabook,8,Other,1.3,53274.67199999999,0,1,165.6321180513006,Intel Core i5,0,0,Nvidia,56487.52325888465
Lenovo,Notebook,8,Other,2.8,37189.44,0,0,106.11306214269258,Intel Core i5,0,0,Nvidia,34629.984506836634
Dell,2 in 1 Convertible,8,Windows,1.62,44701.92,1,1,165.6321180513006,Intel Core i7,0,0,Intel,49648.36102322275
HP,Notebook,8,Windows,2.5,48697.92,0,1,127.33567457123111,Intel Core i5,0,0,Nvidia,49821.57804603811
Razer,Gaming,32,Windows,3.49,324954.72,1,0,254.67134914246222,Intel Core i7,0,0,Nvidia,223473.56623169442
HP,Notebook,8,Windows,1.49,51095.52,0,0,165.6321180513006,Intel Core i5,0,0,Intel,53795.69094190214
HP,Gaming,16,Windows,3.35,73473.12,0,1,127.33567457123111,Intel Core i7,0,0,Nvidia,88835.23522151556
HP,Notebook,8,Windows,2.5,55677.6,0,0,127.33567457123111,Intel Core i7,0,0,Nvidia,55312.40168367201
Dell,Gaming,16,Windows,2.65,98301.6,0,1,282.42399616439724,Intel Core i7,0,0,Nvidia,98329.3104403948
Lenovo,Notebook,4,Windows,2.1,26267.04,0,0,100.45466986113651,Intel Core i5,0,0,Intel,30672.792672796433
Acer,Notebook,8,Windows,2.23,39533.76,0,0,141.21199808219862,Intel Core i7,0,0,Nvidia,42841.5826711633
Lenovo,Gaming,16,Windows,3.2,93186.72,0,1,141.21199808219862,Intel Core i7,0,0,Nvidia,83120.97415507192
Dell,Workstation,16,Windows,2.8,162770.4,0,0,282.42399616439724,Other Intel Processor,0,0,Nvidia,127936.16623185086
Lenovo,Gaming,16,Other,2.4,74485.44,0,0,141.21199808219862,Intel Core i7,0,0,Nvidia,71233.27463954593
Dell,Notebook,6,Windows,2.3,23389.92,1,0,100.45466986113651,Intel Core i3,0,0,Intel,24141.17813281998
Dell,Ultrabook,8,Windows,1.21,103842.72,1,1,331.2642361026012,Intel Core i7,0,0,Intel,86969.76524025938
Dell,Ultrabook,8,Windows,1.2,77202.72,0,0,165.6321180513006,Intel Core i7,0,0,Intel,79468.99084445408
Lenovo,Notebook,8,Windows,2.2,31808.16,0,0,100.45466986113651,Intel Core i5,0,0,Intel,33060.158152294505
Acer,Notebook,8,Other,2.4,41505.12,0,0,141.21199808219862,Intel Core i7,0,0,Nvidia,42927.10383973151
Asus,Gaming,16,Windows,2.9,74964.95999999999,0,0,127.33567457123111,Intel Core i7,0,0,Nvidia,101234.30482447727
HP,Notebook,4,Other,2.1,18594.72,0,0,141.21199808219862,Intel Core i3,0,0,Intel,22999.329799121526
Lenovo,Notebook,8,Other,2.2,29250.72,0,0,141.21199808219862,Intel Core i5,0,0,Intel,30221.57994869792
Huawei,Ultrabook,8,Windows,1.05,79866.72,0,1,199.69207064108247,Intel Core i7,0,0,Intel,90022.56913693697
Dell,Ultrabook,8,Windows,1.4,49650.5664,0,1,165.6321180513006,Intel Core i7,0,0,AMD,61197.92594431645
Lenovo,Notebook,8,Other,2.8,31381.92,0,0,106.11306214269258,Intel Core i5,0,0,Nvidia,34629.984506836634
HP,Notebook,8,Windows,1.63,54931.68,0,0,157.3505121487356,Intel Core i7,0,0,Nvidia,56489.6546252489
Dell,Ultrabook,8,Windows,1.6,61218.72,0,0,157.3505121487356,Intel Core i5,0,0,Intel,53921.822796766086
Dell,2 in 1 Convertible,16,Windows,1.62,68145.12,1,0,165.6321180513006,Intel Core i7,0,0,Intel,81562.61640799111
Dell,Notebook,8,Other,2.2,36089.208,0,0,141.21199808219862,Intel Core i5,0,0,AMD,35988.51868823914
Lenovo,2 in 1 Convertible,8,Windows,1.74,47898.72,0,1,157.3505121487356,Intel Core i5,0,0,Intel,53827.86320402934
Toshiba,Ultrabook,8,Windows,1.2,72620.64,0,0,165.6321180513006,Intel Core i7,0,0,Intel,80508.55172743725
HP,Notebook,8,Windows,2.1,42304.32,0,0,141.21199808219862,Intel Core i5,0,0,Intel,44937.303255145576
Dell,Gaming,16,Windows,4.42,130873.7952,0,1,127.33567457123111,Intel Core i7,0,0,Nvidia,137099.1473854101
Acer,Notebook,8,Windows,2.2,44328.96,0,0,141.21199808219862,Intel Core i7,0,0,Nvidia,43722.61394929035
Dell,Notebook,16,Windows,2.3,45768.0528,1,0,141.21199808219862,Intel Core i7,0,0,AMD,63922.821805131825
Asus,Notebook,8,Windows,2.0,40972.32,0,0,141.21199808219862,Intel Core i5,0,0,Nvidia,46565.73859268526
Asus,Notebook,8,Windows,2.69,47472.48,0,0,127.33567457123111,Intel Core i5,0,0,Nvidia,52885.34500459436
HP,Notebook,8,Windows,1.9,67612.31999999999,0,0,141.21199808219862,Intel Core i7,0,0,AMD,54912.25298022794
Asus,Notebook,4,Windows,2.37,21258.1872,0,0,100.45466986113651,Intel Core i3,0,0,Intel,23135.332513322257
HP,Notebook,4,Windows,2.1,17582.399999999998,0,0,100.45466986113651,AMD Processor,0,0,AMD,19533.232321090036
Lenovo,Gaming,16,Windows,3.2,79866.72,0,1,141.21199808219862,Intel Core i7,0,0,Nvidia,83120.97415507192
Dell,Notebook,8,Windows,1.6,45767.52,0,0,157.3505121487356,Intel Core i5,0,0,Intel,55510.1216437425
Acer,2 in 1 Convertible,8,Windows,1.6,36709.92,1,1,165.6321180513006,Intel Core i5,0,0,Intel,46341.1592197519
Dell,Notebook,16,Other,2.36,47898.72,0,0,141.21199808219862,Intel Core i7,0,0,AMD,57372.271605227426
Acer,Notebook,4,Other,2.1,20779.2,0,0,100.45466986113651,Intel Core i3,0,0,Intel,20880.37925891516
Asus,Notebook,4,Windows,2.2,30636.0,0,0,141.21199808219862,AMD Processor,0,0,AMD,26335.940382327644
Asus,Gaming,32,Windows,4.7,207259.2,0,0,127.33567457123111,Intel Core i7,0,0,Nvidia,162484.90009499816
Acer,Gaming,8,Windows,2.5,45074.88,0,1,141.21199808219862,Intel Core i5,0,0,Nvidia,50860.44911020295
Lenovo,Notebook,8,Windows,2.2,31381.92,0,0,100.45466986113651,Intel Core i3,0,0,Intel,24805.158878114496
Asus,Notebook,8,Windows,2.1,61005.6,0,0,127.33567457123111,Intel Core i7,0,0,Nvidia,53299.25801607811
Asus,Notebook,8,Other,2.69,47365.92,0,0,127.33567457123111,Intel Core i7,0,0,Nvidia,50308.67562756247
Dell,Gaming,8,Windows,2.56,46833.12,0,0,141.21199808219862,Intel Core i5,0,0,Nvidia,48702.35669187098
Lenovo,2 in 1 Convertible,8,Windows,1.38,57489.12,1,1,158.48253022174808,Intel Core i7,0,0,Intel,74453.18237587507
Dell,Notebook,8,Windows,2.2,52480.8,0,0,141.21199808219862,Intel Core i7,0,0,AMD,46389.153424003554
HP,Notebook,8,Windows,2.04,29783.52,1,0,100.45466986113651,Intel Core i5,0,0,Intel,32780.218607841285
Asus,Gaming,16,Windows,3.6,159786.72,0,0,127.33567457123111,Intel Core i7,0,0,Nvidia,121892.14704244987
HP,Notebook,4,Windows,1.49,35964.0,0,1,165.6321180513006,Intel Core i5,0,0,Intel,43923.52622563905
Apple,Ultrabook,8,Mac,1.37,108691.2,0,1,226.98300468106115,Intel Core i5,0,0,Intel,83915.41102025082
Dell,2 in 1 Convertible,8,Windows,2.08,43636.32,1,1,141.21199808219862,Intel Core i7,0,0,Intel,49118.588580353615
Asus,Gaming,16,Windows,4.3,95850.72,0,0,127.33567457123111,Intel Core i7,0,0,Nvidia,112868.94601792937
Asus,Notebook,4,Windows,1.68,24988.32,0,0,100.45466986113651,AMD Processor,0,0,AMD,25548.39002754293
Lenovo,2 in 1 Convertible,8,Windows,1.37,98514.72,1,1,158.48253022174808,Intel Core i7,0,0,Intel,91889.6168576487
Acer,Notebook,4,Windows,3.0,37402.56,0,1,127.33567457123111,Intel Core i3,0,0,Nvidia,33959.70194358928
Dell,Ultrabook,8,Windows,1.41,50562.72,0,0,165.6321180513006,Intel Core i5,0,0,Intel,67181.77945949574
HP,Notebook,8,Windows,1.91,23757.552,0,0,100.45466986113651,AMD Processor,0,0,AMD,27931.037478411614
HP,Notebook,16,Windows,2.9,56423.52,0,1,127.33567457123111,Intel Core i7,0,0,Nvidia,73539.78810121925
MSI,Gaming,16,Windows,4.14,133146.72,0,0,127.33567457123111,Intel Core i7,0,0,Nvidia,128747.25811140727
Lenovo,2 in 1 Convertible,8,Windows,2.0,90522.72,1,1,141.21199808219862,Intel Core i7,0,0,Nvidia,62031.78038193089
Dell,Notebook,8,Windows,2.8,60845.76,0,0,127.33567457123111,Intel Core i7,0,0,AMD,61318.614339312866
Lenovo,Notebook,4,Other,2.2,23656.32,0,0,141.21199808219862,Intel Core i3,0,0,Intel,24064.98479984397
HP,Notebook,4,Windows,2.1,38468.16,0,1,141.21199808219862,Intel Core i5,0,0,Intel,40406.603067520875
Dell,Notebook,4,Windows,2.18,35004.96,0,0,141.21199808219862,Intel Core i5,0,0,Intel,37373.5163106924
Dell,Notebook,8,Windows,2.24,30103.2,0,0,141.21199808219862,Intel Core i5,0,0,AMD,37085.32272760701
Dell,2 in 1 Convertible,8,Windows,2.67,42570.72,1,0,141.21199808219862,Intel Core i5,0,0,Intel,53709.28215128251
Asus,2 in 1 Convertible,8,Windows,1.1,79866.72,1,0,165.6321180513006,Intel Core i7,0,0,Intel,75380.3520918634
Lenovo,Notebook,4,Other,2.2,24881.76,0,0,141.21199808219862,Intel Core i5,0,0,Intel,25798.030089024072
HP,Notebook,8,Windows,2.5,54239.04,0,0,127.33567457123111,Intel Core i7,0,0,Nvidia,55312.40168367201
Lenovo,Notebook,8,Windows,2.05,46886.4,0,0,141.21199808219862,Intel Core i7,0,0,Intel,51081.89680707648
Apple,Ultrabook,8,Mac,1.37,104370.192,0,1,226.98300468106115,Intel Core i5,0,0,Intel,83915.41102025082
Asus,Gaming,16,Windows,3.2,82530.72,0,0,127.33567457123111,AMD Processor,0,0,AMD,91896.0343192384
Dell,Notebook,8,Other,2.14,39164.5296,0,0,141.21199808219862,Intel Core i7,0,0,AMD,39113.72061488819
Lenovo,2 in 1 Convertible,16,Windows,1.36,133146.72,1,0,209.8006828649808,Intel Core i7,0,0,Intel,114796.21451708487
Toshiba,Notebook,8,Windows,2.2,43263.36,0,0,100.45466986113651,Intel Core i7,0,0,Nvidia,41770.93565420101
Dell,Notebook,12,Windows,2.3,37992.3696,0,0,100.45466986113651,Intel Core i7,0,0,Intel,39689.5301256196
Dell,Notebook,8,Other,2.8,58554.72,0,0,127.33567457123111,Intel Core i7,0,0,AMD,51515.02979496715
Acer,Notebook,8,Windows,2.2,39693.6,0,1,141.21199808219862,Intel Core i7,0,0,Nvidia,45627.01879876893
Lenovo,Notebook,4,Windows,2.8,26053.92,0,0,106.11306214269258,Intel Core i3,0,0,Intel,26546.323341388437
Lenovo,Notebook,8,Other,2.8,45234.72,0,0,127.33567457123111,Intel Core i7,0,0,Nvidia,50218.37928448914
Lenovo,Notebook,6,Windows,2.8,45767.52,0,0,106.11306214269258,Intel Core i7,0,0,Nvidia,44307.85044251275
Dell,Notebook,4,Other,2.25,22803.84,0,0,141.21199808219862,Intel Core i3,0,0,AMD,24139.966280025194
Lenovo,Gaming,8,Windows,2.5,44169.12,0,1,141.21199808219862,Intel Core i5,0,0,Nvidia,49400.207829744526
Lenovo,Notebook,6,Windows,2.2,30849.12,0,0,141.21199808219862,Intel Core i5,0,0,Intel,33878.8069024662
Acer,Notebook,8,Windows,3.0,50669.28,0,1,141.21199808219862,Intel Core i7,0,0,Nvidia,63985.43780884522
Acer,Notebook,12,Windows,2.15,35111.52,1,1,141.21199808219862,Intel Core i7,0,0,Intel,61320.219152322694
Lenovo,Notebook,8,Windows,1.95,58448.16,0,1,141.21199808219862,Intel Core i7,0,0,Intel,64744.66819147636
Asus,Ultrabook,8,Windows,1.7,52054.56,0,0,141.21199808219862,Intel Core i5,0,0,Nvidia,55704.79096442986
Lenovo,Gaming,16,Windows,2.5,62817.12,0,1,141.21199808219862,Intel Core i7,0,0,Nvidia,63768.00300512693
Lenovo,Notebook,8,Other,2.2,35112.0528,0,0,141.21199808219862,Intel Core i7,0,0,Nvidia,36790.69722669636
Acer,Notebook,2,Other,2.19,10602.72,0,0,100.45466986113651,Other Intel Processor,0,0,Intel,13876.051988114194
Asus,Gaming,8,Windows,3.0,63243.36,0,0,127.33567457123111,Intel Core i7,0,0,Nvidia,65546.16340499792
HP,Notebook,8,Windows,2.54,26053.92,0,0,106.11306214269258,Intel Core i3,0,0,Intel,28728.80328782111
Dell,Notebook,8,Windows,2.0,97449.12,0,0,141.21199808219862,Intel Core i7,0,0,Nvidia,67073.41086194807
Lenovo,Notebook,8,Windows,2.05,39373.92,0,0,141.21199808219862,Intel Core i5,0,0,Intel,49553.70097138279
Lenovo,Gaming,8,Windows,3.2,69210.72,0,1,141.21199808219862,Intel Core i7,0,0,Nvidia,69801.57793268784
Acer,Notebook,8,Other,2.5,52161.12,0,0,141.21199808219862,Intel Core i7,0,0,Nvidia,46352.38125943455
Dell,Workstation,16,Windows,3.42,153705.3408,0,0,127.33567457123111,Intel Core i7,0,0,Nvidia,137822.04079809674
Lenovo,Notebook,6,Windows,2.4,26586.72,0,0,141.21199808219862,AMD Processor,0,0,AMD,28001.668512004522
Asus,Ultrabook,16,Windows,1.63,78215.04,0,0,141.21199808219862,Intel Core i7,0,0,Nvidia,86397.94287059495
Asus,Notebook,4,Windows,1.3,27119.52,0,0,111.93520355955211,Intel Core i3,0,0,Intel,33805.73322511675
Asus,Gaming,16,Windows,2.9,113060.16,0,0,127.33567457123111,Intel Core i7,0,0,Nvidia,101234.30482447727
Lenovo,Notebook,6,Windows,2.8,34578.72,0,0,106.11306214269258,Intel Core i5,0,0,Nvidia,36075.002033296376
Lenovo,Notebook,8,Other,2.2,29250.72,0,0,100.45466986113651,Intel Core i5,0,0,Nvidia,31715.560185862243
Asus,Gaming,8,Windows,2.5,67399.2,0,0,141.21199808219862,Intel Core i7,0,0,Nvidia,59687.11531807504
Lenovo,Notebook,4,Other,2.2,19180.2672,0,0,100.45466986113651,Other Intel Processor,0,0,Intel,17597.147706795975
HP,2 in 1 Convertible,16,Windows,1.28,105228.0,1,0,165.6321180513006,Intel Core i7,0,0,Intel,97985.61483462813
Toshiba,Notebook,8,Windows,2.2,55571.04,0,1,141.21199808219862,Intel Core i7,0,0,Nvidia,52451.72869131856
Lenovo,Notebook,8,Windows,2.3,43636.32,0,0,141.21199808219862,Intel Core i5,0,0,Nvidia,46123.90148678337
HP,Notebook,4,Windows,1.86,24988.32,0,0,141.21199808219862,Intel Core i3,0,0,Intel,24313.179243778373
Lenovo,Notebook,8,Windows,1.1,53226.72,0,1,165.6321180513006,Intel Core i5,0,0,Intel,62745.7822046374
Dell,Ultrabook,16,Windows,1.21,133146.72,1,1,331.2642361026012,Intel Core i7,0,0,Intel,121385.67374117603
MSI,Gaming,16,Windows,2.8,111834.72,0,1,141.21199808219862,Intel Core i7,0,0,Nvidia,101976.47830439016
Acer,Notebook,8,Windows,2.23,24988.32,0,0,141.21199808219862,AMD Processor,0,0,AMD,33327.61578293444
Asus,2 in 1 Convertible,2,Windows,1.1,14652.0,1,0,135.0942111925629,Other Intel Processor,0,0,Intel,16603.710009613213
Dell,Notebook,8,Windows,2.33,44968.32,0,0,141.21199808219862,Intel Core i5,0,0,AMD,42274.5949863249
HP,2 in 1 Convertible,16,Windows,1.29,130482.72,1,1,331.2642361026012,Intel Core i7,0,0,Intel,112267.63381824999
Lenovo,Notebook,4,Other,1.45,24503.472,0,0,117.82653006268643,Other Intel Processor,0,0,Intel,19004.133240617462
HP,Notebook,8,Windows,1.95,52214.4,0,0,157.3505121487356,Intel Core i5,0,0,Intel,57559.19018168813
Acer,Notebook,4,Windows,1.4,25840.8,0,0,135.0942111925629,Other Intel Processor,0,0,Intel,18966.403234561134
HP,Notebook,8,Windows,1.48,68837.76,0,0,157.3505121487356,Intel Core i7,0,0,Intel,77835.42295267966
Lenovo,Notebook,4,Windows,2.79,31381.92,0,0,106.11306214269258,Intel Core i5,0,0,Nvidia,34977.064010009446
Asus,Notebook,8,Windows,2.0,58288.32,0,0,157.3505121487356,Intel Core i7,0,0,Intel,61292.917065169735
HP,Notebook,8,Windows,2.1,48058.56,0,1,100.45466986113651,Intel Core i7,0,0,Intel,34800.20798154872
Acer,Notebook,8,Windows,2.2,35111.52,0,0,100.45466986113651,AMD Processor,0,0,AMD,30753.719359138395
Lenovo,Notebook,4,Windows,1.44,15557.76,0,0,111.93520355955211,Other Intel Processor,0,0,Intel,14826.981989348978
Acer,Notebook,6,Windows,2.23,29250.72,0,0,100.45466986113651,Intel Core i5,0,0,Intel,31977.325402062823
Asus,Ultrabook,8,Windows,1.7,55938.672,0,0,141.21199808219862,Intel Core i7,0,0,Nvidia,56128.57063586778
HP,Ultrabook,8,Windows,1.26,71128.8,0,0,176.23257360658386,Intel Core i7,0,0,Intel,84050.65051550079
Dell,Notebook,32,Windows,2.06,140605.91999999998,1,0,282.42399616439724,Intel Core i7,0,0,Nvidia,145121.4165921816
MSI,Gaming,8,Windows,2.7,63882.72,0,0,127.33567457123111,Intel Core i7,0,0,Nvidia,73065.57730327517
Toshiba,Notebook,8,Windows,2.0,50243.04,0,1,141.21199808219862,Intel Core i5,0,0,Intel,53639.51683694133
Asus,Notebook,8,Windows,2.0,71075.52,0,0,157.3505121487356,Intel Core i7,0,0,Intel,61292.917065169735
Lenovo,Notebook,4,Windows,1.85,23922.72,0,0,141.21199808219862,Intel Core i3,0,0,Intel,24394.710805002123
Asus,Gaming,8,Windows,2.5,53226.72,0,0,141.21199808219862,Intel Core i7,0,0,Nvidia,59687.11531807504
HP,Notebook,8,Windows,1.48,67559.04,0,0,157.3505121487356,Intel Core i5,0,0,Intel,66836.2008315309
Dell,Ultrabook,8,Windows,1.9,55890.72,0,1,141.21199808219862,Intel Core i5,0,0,Nvidia,51561.99640237198
HP,Notebook,8,Windows,1.84,60952.32,0,0,141.21199808219862,Intel Core i5,0,0,Intel,78189.7173343857
Asus,Notebook,4,Other,2.0,14651.4672,0,0,100.45466986113651,Other Intel Processor,0,0,Intel,17143.51318357851
Dell,Notebook,8,Windows,2.0,60885.72,0,0,141.21199808219862,Intel Core i5,0,0,Nvidia,53286.18975989979
Dell,Notebook,4,Other,2.2,14646.672,0,0,100.45466986113651,Other Intel Processor,0,0,Intel,17776.57237551871
Lenovo,Notebook,12,Windows,2.2,47898.72,0,0,141.21199808219862,AMD Processor,0,0,AMD,45575.56027347014
HP,Notebook,8,Windows,2.1,38148.48,0,1,141.21199808219862,Intel Core i3,0,0,Nvidia,38930.227241341
Lenovo,2 in 1 Convertible,16,Windows,1.4,111834.72,1,1,316.96506044349616,Intel Core i7,0,0,Intel,106994.02878550287
Dell,Ultrabook,8,Windows,1.2,84129.12,0,0,165.6321180513006,Intel Core i7,0,0,Intel,79468.99084445408
Lenovo,Gaming,16,Windows,2.4,60153.12,0,1,141.21199808219862,Intel Core i7,0,0,Nvidia,64464.230396680716
HP,Notebook,2,Windows,1.44,14865.12,0,0,111.93520355955211,Other Intel Processor,0,0,Intel,13400.743975114685
Dell,Ultrabook,16,Windows,1.88,85672.1088,0,0,141.21199808219862,Intel Core i7,0,0,Intel,83134.70062989295
Asus,2 in 1 Convertible,4,Windows,1.5,19980.0,1,0,135.0942111925629,Other Intel Processor,0,0,Intel,24614.260951717508
Dell,Ultrabook,8,Windows,1.9,35324.64,0,0,141.21199808219862,Intel Core i5,0,0,AMD,45377.347656413374
Dell,Notebook,16,Windows,2.06,108020.9376,1,0,282.42399616439724,Intel Core i7,0,0,Nvidia,117761.41168765776
HP,Notebook,8,Windows,1.84,69477.12,0,0,141.21199808219862,Intel Core i7,0,0,Intel,67638.46172346559
MSI,Gaming,8,Windows,2.7,75071.52,0,0,127.33567457123111,Intel Core i7,0,0,Nvidia,73065.57730327517
HP,Workstation,8,Windows,2.6,92615.0256,0,0,141.21199808219862,Intel Core i7,0,0,Nvidia,97521.90595820769
Toshiba,Notebook,16,Windows,2.4,74751.84,0,1,141.21199808219862,Intel Core i7,0,0,Nvidia,83874.85645317637
Dell,Notebook,8,Windows,2.02,51729.55199999999,0,0,141.21199808219862,Intel Core i7,0,0,AMD,56583.64657328054
Lenovo,Notebook,4,Other,2.2,17155.627200000003,0,0,100.45466986113651,Other Intel Processor,0,0,Intel,17597.147706795975
Dell,Gaming,8,Windows,2.65,53226.72,0,0,141.21199808219862,Intel Core i5,0,0,Nvidia,53346.20526036208
Dell,Notebook,8,Windows,2.36,29696.6736,1,0,100.45466986113651,Intel Core i5,0,0,Intel,32502.444118351188
Dell,Notebook,8,Windows,1.36,76030.56,0,0,157.3505121487356,Intel Core i5,0,0,Intel,74921.56677755452
HP,Notebook,4,Windows,1.86,23389.92,0,0,100.45466986113651,Intel Core i3,0,0,Intel,24853.208561386495
Asus,Notebook,8,Windows,2.0,50349.6,0,0,157.3505121487356,Intel Core i5,0,0,Intel,53347.480058237976
Lenovo,Notebook,6,Windows,2.8,38308.32,0,0,106.11306214269258,Intel Core i5,0,0,Nvidia,36075.002033296376
HP,Notebook,8,Windows,1.86,34045.92,0,0,141.21199808219862,Intel Core i5,0,0,Intel,50414.02942323843
Lenovo,Notebook,8,Other,2.2,26586.72,0,0,100.45466986113651,Intel Core i3,0,0,Nvidia,26220.31784085636
HP,Notebook,8,Windows,2.04,20725.92,0,0,100.45466986113651,Other Intel Processor,0,0,Intel,23863.434792304735
Dell,Notebook,8,Windows,2.8,57808.8,0,0,127.33567457123111,Intel Core i5,0,0,AMD,53082.88334296422
Lenovo,Gaming,8,Other,2.4,43103.52,0,1,141.21199808219862,Intel Core i5,0,0,Nvidia,45116.930517205605
Dell,Notebook,8,Windows,2.33,47898.72,0,0,141.21199808219862,Intel Core i7,0,0,AMD,48854.48598957878
HP,Ultrabook,8,Windows,1.36,93240.0,0,1,157.3505121487356,Intel Core i7,0,0,Intel,84072.76544135652
Asus,2 in 1 Convertible,12,Windows,2.26,58554.72,1,0,141.21199808219862,Intel Core i7,0,0,Nvidia,56793.14516288401
Acer,Notebook,4,Windows,2.1,22697.28,0,0,100.45466986113651,AMD Processor,0,0,AMD,21995.15761447032
Asus,Gaming,16,Windows,3.25,117162.72,0,1,127.33567457123111,AMD Processor,0,0,AMD,97263.4558057053
Lenovo,Notebook,4,Windows,2.6,26053.92,0,0,106.11306214269258,AMD Processor,0,0,AMD,23446.402343971153
Dell,2 in 1 Convertible,8,Windows,1.62,46300.85279999999,1,0,165.6321180513006,Intel Core i7,0,0,Intel,50137.3733883149
HP,Notebook,4,Windows,1.91,26053.3872,0,0,141.21199808219862,AMD Processor,0,0,AMD,25417.0822243986
Lenovo,Netbook,4,Windows,1.59,29463.84,0,1,135.0942111925629,Other Intel Processor,0,0,Intel,23371.25752738326
Dell,Notebook,4,Windows,1.8,16463.52,0,0,100.45466986113651,Other Intel Processor,0,0,Intel,18655.51020106981
Asus,Notebook,4,Windows,1.5,15238.08,0,0,111.93520355955211,Other Intel Processor,0,0,Intel,15996.100200610219
Acer,Notebook,8,Other,2.4,45074.88,0,0,141.21199808219862,Intel Core i7,0,0,Nvidia,42927.10383973151
HP,Gaming,8,Windows,3.35,63456.48,0,1,127.33567457123111,Intel Core i7,0,0,Nvidia,77313.98785488722
Lenovo,Notebook,4,Other,1.85,21498.48,0,0,141.21199808219862,Intel Core i3,0,0,Intel,22380.765931460905
Asus,Gaming,8,Windows,2.3,88178.4,0,1,141.21199808219862,Intel Core i7,0,0,Nvidia,66803.17038002226
Lenovo,Notebook,8,Windows,1.5,58554.72,0,1,157.3505121487356,Intel Core i5,0,0,Nvidia,58693.89778408835
Asus,Ultrabook,16,Windows,1.1,93181.392,1,0,165.6321180513006,Intel Core i7,0,0,Intel,98323.84020359539
Lenovo,Ultrabook,8,Windows,1.13,121584.96,0,1,209.8006828649808,Intel Core i7,0,0,Intel,107461.45084059212
Lenovo,Notebook,4,Windows,1.5,29250.72,0,1,165.6321180513006,Intel Core i3,0,0,Intel,33266.67390661107
Dell,Workstation,8,Windows,2.23,72940.31999999999,0,0,141.21199808219862,Intel Core i5,0,0,AMD,72712.28150150178
Dell,Workstation,8,Windows,2.0,113752.8,0,1,141.21199808219862,Intel Core i7,0,0,Nvidia,107605.65344350332
Lenovo,2 in 1 Convertible,16,Windows,1.42,133679.52,1,0,209.8006828649808,Intel Core i7,0,0,Intel,122316.54876539607
Asus,Gaming,8,Windows,3.0,55357.92,0,0,127.33567457123111,Intel Core i7,0,0,Nvidia,65546.16340499792
Asus,Gaming,16,Windows,3.0,84768.48,0,0,127.33567457123111,Intel Core i7,0,0,Nvidia,100525.05900193153
Acer,Notebook,12,Windows,2.2,36975.7872,0,1,100.45466986113651,Intel Core i5,0,0,Nvidia,38844.46078293931
MSI,Gaming,8,Windows,2.7,71874.72,0,0,127.33567457123111,Intel Core i7,0,0,Nvidia,73065.57730327517
Dell,Notebook,8,Other,2.33,41498.1936,0,0,141.21199808219862,Intel Core i7,0,0,AMD,41346.96930776909
HP,Ultrabook,4,Windows,1.91,26586.72,0,0,141.21199808219862,AMD Processor,0,0,AMD,28673.20474226025
Lenovo,Notebook,8,Windows,2.1,65510.9568,0,1,141.21199808219862,Intel Core i7,0,0,AMD,55673.49682465754
Lenovo,Notebook,8,Windows,1.9,49976.64,0,1,157.3505121487356,Intel Core i5,0,0,Intel,57670.407702039876
Dell,Workstation,8,Windows,1.78,144495.36,1,0,282.42399616439724,Intel Core i7,0,0,Nvidia,116670.74525106692
Lenovo,Ultrabook,16,Windows,1.13,139860.0,0,1,209.8006828649808,Intel Core i7,0,0,Intel,116723.82440104615
Lenovo,Notebook,4,Windows,2.2,16303.68,0,0,100.45466986113651,Other Intel Processor,0,0,Intel,18735.39705836777
Asus,Gaming,16,Windows,2.9,81465.12,0,0,127.33567457123111,Intel Core i7,0,0,Nvidia,101234.30482447727
Lenovo,Notebook,8,Windows,2.1,60978.96,0,1,141.21199808219862,Intel Core i5,0,0,AMD,49756.13531371002
Acer,Notebook,8,Other,2.5,46833.12,0,0,141.21199808219862,Intel Core i7,0,0,Nvidia,46352.38125943455
MSI,Gaming,16,Windows,2.8,119826.72,0,0,127.33567457123111,Intel Core i7,0,0,Nvidia,106554.30597038959
Asus,Ultrabook,8,Windows,1.1,99793.44,0,0,157.3505121487356,Intel Core i7,0,0,Intel,73641.4513882323
Toshiba,Ultrabook,16,Windows,1.2,93080.16,0,0,165.6321180513006,Intel Core i7,0,0,Intel,101160.59865078212
Dell,Ultrabook,8,Windows,1.36,89510.4,0,0,157.3505121487356,Intel Core i7,0,0,Intel,85593.60282560597
Lenovo,Notebook,4,Windows,2.2,21791.52,0,0,141.21199808219862,Intel Core i3,0,0,Intel,25641.694765532357
Lenovo,Notebook,2,Windows,1.15,16221.096,0,0,135.0942111925629,Other Intel Processor,0,0,Intel,14298.012627019833
Lenovo,Workstation,8,Windows,2.67,102564.0,0,0,141.21199808219862,Intel Core i7,0,0,Nvidia,98140.76121151811
Lenovo,Ultrabook,8,Windows,1.7,103523.04,0,1,209.8006828649808,Intel Core i7,0,0,Nvidia,92524.3186603594
HP,Notebook,4,Windows,2.1,24988.32,0,0,141.21199808219862,Intel Core i3,0,0,AMD,27233.1794297707
Acer,2 in 1 Convertible,8,Windows,1.6,42038.4528,1,1,165.6321180513006,Intel Core i7,0,0,Intel,51421.935378492235
Asus,2 in 1 Convertible,8,Windows,1.27,49443.84,1,1,165.6321180513006,Intel Core i5,0,0,Intel,58210.693538359235
Dell,Notebook,4,Other,2.3,31909.392,0,0,141.21199808219862,Intel Core i5,0,0,AMD,29867.54741484417
Dell,Notebook,4,Windows,1.65,36709.92,0,0,117.82653006268643,Intel Core i3,0,0,Intel,37608.18714095428
HP,Ultrabook,8,Windows,1.43,79920.0,0,0,157.3505121487356,Intel Core i7,0,0,Intel,82088.07836817614
Dell,Notebook,8,Windows,2.14,28768.536,0,0,100.45466986113651,Intel Core i5,0,0,Intel,33230.093519830734
Lenovo,Ultrabook,8,Windows,1.75,64755.44640000001,0,1,157.3505121487356,Intel Core i7,0,0,AMD,71223.80488725411
Lenovo,2 in 1 Convertible,16,Windows,2.0,101178.72,1,1,282.42399616439724,Intel Core i7,0,0,Nvidia,110867.88683320563
Chuwi,Notebook,6,Windows,1.4,23922.72,0,1,267.3384360344031,Other Intel Processor,0,0,Intel,21964.743148714384
HP,Notebook,8,Windows,2.31,76030.56,0,0,141.21199808219862,Intel Core i7,0,0,Intel,61671.40280452356
Asus,Notebook,8,Other,2.3,31808.16,0,0,141.21199808219862,Intel Core i3,0,0,Nvidia,32131.204283890995
Dell,Gaming,16,Windows,4.42,149130.72,0,1,169.78089942830815,Intel Core i7,0,0,Nvidia,143412.36796851055
Dell,Gaming,8,Windows,2.62,61751.52,0,1,141.21199808219862,Intel Core i7,0,0,Nvidia,59233.88248493858
Dell,Notebook,8,Windows,2.02,60867.072,0,0,141.21199808219862,Intel Core i7,0,0,AMD,56583.64657328054
Dell,Ultrabook,8,Other,1.6,58554.72,0,0,157.3505121487356,Intel Core i7,0,0,Intel,55900.97664478362
HP,Gaming,12,Windows,3.35,106506.72,0,0,127.33567457123111,Intel Core i7,0,0,Nvidia,88057.2424380959
Mediacom,2 in 1 Convertible,4,Windows,1.16,15930.72,1,1,189.90579052433606,Other Intel Processor,0,0,Intel,20300.195429120897
Samsung,Netbook,4,Other,1.15,14332.32,0,0,135.0942111925629,Other Intel Processor,0,0,Intel,15388.69421334335
Lenovo,Notebook,8,Windows,1.4,53812.8,0,1,165.6321180513006,Intel Core i7,0,0,Intel,65944.00602837995
Lenovo,Notebook,4,Windows,1.7,31914.72,0,1,157.3505121487356,Intel Core i3,0,0,Intel,32482.817205154945
Lenovo,Workstation,16,Windows,2.3,130269.6,0,1,282.42399616439724,Intel Core i7,0,0,Nvidia,132934.55239558697
Lenovo,Notebook,16,Windows,2.5,130482.72,0,0,141.21199808219862,Intel Core i7,0,0,Nvidia,92339.75337912884
Asus,Gaming,8,Windows,3.2,90309.6,0,0,127.33567457123111,AMD Processor,0,0,AMD,71754.8580149949
HP,Notebook,4,Windows,2.1,18488.16,0,0,100.45466986113651,Other Intel Processor,0,0,Intel,18410.982496536195
Google,Ultrabook,16,Other,1.1,117162.72,1,0,234.50740003017813,Intel Core i7,0,0,Intel,115573.82565416124
Lenovo,Ultrabook,24,Windows,1.32,126912.96,0,0,209.8006828649808,Intel Core i7,0,0,Intel,126292.10818286637
Asus,Notebook,4,Other,2.0,29783.52,0,0,141.21199808219862,Intel Core i5,0,0,Intel,30870.236783096105
Lenovo,Notebook,8,Windows,2.8,27652.32,0,0,106.11306214269258,AMD Processor,0,0,AMD,28504.424189279285
Dell,Notebook,4,Windows,2.2,39906.72,0,0,141.21199808219862,Intel Core i5,0,0,AMD,37719.46447243701
Lenovo,Ultrabook,8,Windows,1.36,76137.12,0,1,176.23257360658386,Intel Core i5,0,0,Intel,81309.31713329865
Lenovo,Notebook,4,Windows,2.2,18594.72,0,0,141.21199808219862,Other Intel Processor,0,0,Intel,18755.079829426624
HP,Gaming,8,Windows,2.2,58554.72,0,1,141.21199808219862,Intel Core i7,0,0,Nvidia,57812.28387386504
Dell,Notebook,8,Windows,1.64,62817.12,0,0,157.3505121487356,Intel Core i5,0,0,Nvidia,59120.4111157133
Acer,Notebook,4,Other,2.4,23539.104,0,0,100.45466986113651,Intel Core i5,0,0,Intel,26808.87213107935
Dell,Workstation,8,Windows,2.23,106187.04,0,0,141.21199808219862,Other Intel Processor,0,0,Nvidia,80750.96580049224
MSI,Gaming,8,Windows,2.2,54757.9872,0,0,141.21199808219862,Intel Core i5,0,0,Nvidia,56628.15691376441
Microsoft,Ultrabook,16,Windows,1.25,137941.91999999998,1,0,200.84255993695703,Intel Core i7,0,0,Intel,121106.1081380953
HP,Notebook,8,Windows,1.91,31381.92,0,0,100.45466986113651,Intel Core i5,0,0,Intel,33341.55452414334
Dell,Workstation,16,Windows,2.17,105228.0,0,1,141.21199808219862,Intel Core i7,0,0,Nvidia,92377.19306794167
HP,Workstation,8,Windows,2.31,81731.52,0,1,141.21199808219862,Intel Core i7,0,0,Intel,103863.85349386703
Lenovo,Notebook,8,Windows,1.65,71661.59999999999,0,0,157.3505121487356,Intel Core i5,0,0,Intel,67020.86273555407
Dell,Notebook,8,Windows,2.36,52161.12,0,0,141.21199808219862,Intel Core i7,0,0,AMD,48566.96630210652
Dell,2 in 1 Convertible,4,Windows,1.47,25521.12,1,0,135.0942111925629,Other Intel Processor,0,0,Intel,27729.07591338847
Dell,Notebook,8,Windows,4.42,109010.88,0,1,127.33567457123111,Intel Core i7,0,0,Nvidia,91598.4982086938
Microsoft,Ultrabook,4,Windows,1.252,52693.92,1,0,200.84255993695703,Other Intel Processor,0,0,Intel,23340.241368836396
Microsoft,Ultrabook,8,Windows,1.25,95850.72,1,0,200.84255993695703,Intel Core i7,0,0,Intel,91954.30433890199
HP,Notebook,8,Windows,2.5,34093.872,0,0,106.11306214269258,Intel Core i3,0,0,Intel,29751.026737556058
Acer,Notebook,4,Windows,2.23,28984.32,0,0,141.21199808219862,Intel Core i3,0,0,Nvidia,28381.780266830836
Acer,Netbook,4,Windows,1.4,23176.8,0,0,135.0942111925629,Other Intel Processor,0,0,Intel,18912.60822909516
Asus,Notebook,8,Windows,2.37,39906.72,0,0,141.21199808219862,Intel Core i5,0,0,Intel,47043.3690771305
Lenovo,Notebook,8,Other,1.5,42570.72,0,1,157.3505121487356,Intel Core i7,0,0,AMD,48370.88096785108
Lenovo,Notebook,8,Windows,2.67,111355.2,0,0,141.21199808219862,Intel Core i7,0,0,Nvidia,69071.38431082871
Asus,Notebook,4,Windows,2.0,16197.12,0,0,100.45466986113651,Other Intel Processor,0,0,Intel,17874.887971862496
Acer,Notebook,4,Windows,2.2,24988.32,0,0,100.45466986113651,Intel Core i3,0,0,Nvidia,26658.779476050564
Dell,Notebook,8,Windows,2.02,40439.52,0,0,141.21199808219862,Intel Core i5,0,0,AMD,47304.73718716393
HP,Gaming,12,Windows,3.78,90522.72,0,1,127.33567457123111,Intel Core i7,0,0,Nvidia,92063.00090975288
Lenovo,Ultrabook,12,Windows,1.4,98994.24,0,1,209.8006828649808,Intel Core i7,0,0,Intel,95074.16904234026
HP,2 in 1 Convertible,8,Windows,1.29,106506.72,1,1,331.2642361026012,Intel Core i7,0,0,Intel,85678.19467117259
HP,Notebook,8,Windows,1.9,61485.12,0,0,141.21199808219862,Intel Core i5,0,0,AMD,54128.74384506389
Google,Ultrabook,8,Other,1.1,67932.0,1,0,234.50740003017813,Intel Core i5,0,0,Intel,69837.90223620157
Dell,Ultrabook,8,Windows,1.42,98133.768,1,0,165.6321180513006,Intel Core i5,0,0,Intel,81054.17959351883
Asus,Notebook,12,Windows,2.06,69210.72,0,1,282.42399616439724,Intel Core i7,0,0,Intel,77339.69708831453
Dell,Notebook,8,Windows,1.79,39427.2,0,0,111.93520355955211,Intel Core i3,0,0,Intel,35777.0358167739
Dell,Workstation,8,Windows,1.78,128298.24,0,0,141.21199808219862,Intel Core i7,0,0,Nvidia,106016.72357200796
Lenovo,Notebook,8,Windows,1.7,72673.92,0,0,157.3505121487356,Intel Core i5,0,0,Intel,64844.80736421306
Dell,Notebook,8,Windows,2.2,35964.0,0,0,141.21199808219862,Intel Core i5,0,0,AMD,40924.17387818045
Toshiba,Notebook,8,Windows,1.05,89084.16,0,1,165.6321180513006,Intel Core i5,0,0,Intel,76281.24455087764
Dell,Notebook,8,Windows,2.16,67239.36,0,1,141.21199808219862,Intel Core i7,0,0,Nvidia,55790.56811978118
Dell,Notebook,4,Windows,2.18,31254.048,0,0,100.45466986113651,Intel Core i3,0,0,Intel,28815.560411340757
HP,Notebook,4,Windows,1.49,38681.28,0,1,165.6321180513006,Intel Core i5,0,0,Intel,43923.52622563905
Chuwi,Notebook,4,Windows,1.89,13261.392000000002,0,0,141.21199808219862,Other Intel Processor,0,0,Intel,16088.140549763999
Lenovo,Notebook,4,Windows,2.3,30103.2,0,0,100.45466986113651,Intel Core i3,0,0,Intel,22718.34062920122
Lenovo,Notebook,8,Windows,1.75,55890.72,0,1,157.3505121487356,Intel Core i5,0,0,Intel,60731.245697607614
Dell,Workstation,16,Windows,2.17,124568.64,0,1,141.21199808219862,Intel Core i7,0,0,Nvidia,92377.19306794167
Dell,Notebook,16,Windows,2.06,101178.72,0,0,141.21199808219862,Intel Core i7,0,0,Nvidia,84507.52423067542
Lenovo,Ultrabook,16,Windows,1.36,95797.44,0,1,176.23257360658386,Intel Core i7,0,0,Intel,98548.99664424408
Asus,Ultrabook,16,Windows,0.91,103896.0,0,0,176.23257360658386,Intel Core i7,0,0,Intel,101694.17367580357
Lenovo,Notebook,8,Windows,2.3,53918.82719999999,0,1,141.21199808219862,Intel Core i5,0,0,Nvidia,48732.28241702961
Toshiba,Ultrabook,32,Windows,1.05,149130.72,1,0,165.6321180513006,Intel Core i7,0,0,Intel,137112.02943977786
Asus,Gaming,8,Windows,1.99,71928.0,0,0,141.21199808219862,Intel Core i7,0,0,Nvidia,63096.81895870535
Acer,Notebook,8,Windows,2.2,30849.12,0,0,100.45466986113651,AMD Processor,0,0,AMD,30753.719359138395
Asus,Gaming,24,Windows,4.33,67612.31999999999,1,1,127.33567457123111,Intel Core i7,0,0,Nvidia,107620.06876174442
Lenovo,Ultrabook,8,Windows,1.3,58554.72,0,1,125.36742798669837,Intel Core i5,0,0,Intel,61244.294507963685
Lenovo,Notebook,8,Windows,2.17,47893.39199999999,0,0,141.21199808219862,Intel Core i7,0,0,Intel,50388.954129175734
HP,Notebook,8,Windows,1.48,93186.72,0,0,157.3505121487356,Intel Core i7,0,0,Intel,77835.42295267966
Lenovo,Notebook,8,Windows,1.4,50562.72,0,1,165.6321180513006,Intel Core i3,0,0,Intel,49931.55811804534
Lenovo,Notebook,8,Windows,2.3,48538.08,0,1,141.21199808219862,Intel Core i5,0,0,Intel,50950.97561909255
Asus,Netbook,4,Windows,1.2,18115.2,0,0,135.0942111925629,Other Intel Processor,0,0,Intel,16860.770938655107
HP,Notebook,8,Windows,1.91,32979.7872,0,0,100.45466986113651,Intel Core i5,0,0,AMD,34230.67777097513
Lenovo,2 in 1 Convertible,8,Windows,1.4,85194.72,1,1,158.48253022174808,Intel Core i5,0,0,Intel,77511.579236034
Lenovo,Notebook,4,Windows,2.1,15930.72,0,0,111.93520355955211,Other Intel Processor,0,0,Intel,17016.9292320653
Lenovo,Netbook,4,Other,1.25,14119.2,0,0,135.0942111925629,Other Intel Processor,0,0,Intel,15734.293083124005
Lenovo,Notebook,8,Windows,1.44,50562.72,0,0,165.6321180513006,Intel Core i5,0,0,Intel,57688.54230990243
Asus,Notebook,8,Windows,2.0,65214.72,0,0,141.21199808219862,Intel Core i7,0,0,Intel,57645.57563483039
Acer,Notebook,4,Windows,2.2,32660.64,0,1,141.21199808219862,Intel Core i5,0,0,Nvidia,36213.36603360833
HP,Ultrabook,8,Windows,1.34,70489.44,0,1,165.6321180513006,Intel Core i7,0,0,Intel,75757.31649666982
Lenovo,Gaming,8,Other,2.4,61218.72,0,1,141.21199808219862,Intel Core i7,0,0,Nvidia,53645.958438118214
Dell,Ultrabook,8,Windows,1.29,47898.72,1,1,165.6321180513006,Intel Core i5,0,0,Intel,64505.97520740692
Acer,Notebook,4,Windows,2.2,34045.92,0,0,141.21199808219862,Intel Core i7,0,0,Nvidia,37484.844822168416
Dell,Notebook,8,Windows,2.18,44542.08,0,0,141.21199808219862,Intel Core i5,0,0,Intel,45711.100803254616
Dell,Notebook,16,Windows,2.2,64961.10719999999,0,0,141.21199808219862,Intel Core i7,0,0,AMD,63524.82437851131
Xiaomi,Notebook,16,Other,1.95,74589.336,0,1,141.21199808219862,Intel Core i7,0,0,Nvidia,76106.75560854374
Asus,Netbook,2,Windows,1.1,13053.6,0,0,135.0942111925629,Other Intel Processor,0,0,Intel,13017.633291366425
HP,Notebook,4,Windows,2.04,27783.9216,1,0,100.45466986113651,Intel Core i5,0,0,Intel,33792.54554020226
Asus,Gaming,24,Windows,2.24,158135.04,0,0,141.21199808219862,Intel Core i7,0,0,Nvidia,123421.18401697939
HP,Notebook,8,Windows,2.04,47365.92,0,0,141.21199808219862,Intel Core i5,0,0,Nvidia,47942.52829609677
Asus,Gaming,16,Windows,3.0,80133.12,0,0,127.33567457123111,Intel Core i7,0,0,Nvidia,100525.05900193153
Lenovo,Gaming,8,Windows,3.2,74538.72,0,1,141.21199808219862,Intel Core i7,0,0,Nvidia,69801.57793268784
HP,Ultrabook,8,Windows,1.32,74538.72,0,1,165.6321180513006,Intel Core i7,0,0,Intel,76192.93182528985
Dell,Notebook,8,Windows,1.64,68184.0144,0,0,157.3505121487356,Intel Core i5,0,0,Intel,57492.08425071916
HP,Notebook,4,Windows,1.63,36709.92,0,0,100.45466986113651,Intel Core i3,0,0,Intel,32828.35074830871
Dell,Notebook,8,Other,2.8,47365.92,0,1,127.33567457123111,Intel Core i5,0,0,AMD,46263.16653674395
Lenovo,Notebook,8,Windows,2.02,71395.2,0,0,157.3505121487356,Intel Core i5,0,0,Intel,59691.52717656539
Lenovo,Notebook,4,Windows,2.2,42570.72,0,0,141.21199808219862,Intel Core i7,0,0,Nvidia,40233.5192149127
Lenovo,Notebook,8,Other,2.2,24455.52,0,0,100.45466986113651,Intel Core i3,0,0,Nvidia,26220.31784085636
Dell,Notebook,4,Windows,2.3,31168.8,0,0,141.21199808219862,Intel Core i5,0,0,AMD,33656.608240194175
Dell,Notebook,8,Windows,1.9,73366.56,0,0,141.21199808219862,Intel Core i5,0,0,Intel,57175.13677583481
Dell,Gaming,16,Windows,4.42,160520.3856,0,1,127.33567457123111,Intel Core i7,0,0,Nvidia,137099.1473854101
Toshiba,Notebook,8,Windows,2.0,45820.8,0,1,141.21199808219862,Intel Core i5,0,0,Intel,53639.51683694133
Asus,Notebook,8,Windows,2.0,69210.72,0,1,282.42399616439724,Intel Core i7,0,0,Nvidia,76985.45860833528
Mediacom,Notebook,4,Windows,1.2,19660.32,0,1,165.6321180513006,Other Intel Processor,0,0,Intel,16269.301472601073
Asus,Gaming,8,Windows,2.3,87858.72,0,1,141.21199808219862,Intel Core i5,0,0,Nvidia,63120.20661242118
Dell,Notebook,8,Windows,1.93,72940.31999999999,0,0,141.21199808219862,Intel Core i7,0,0,Nvidia,61987.45451240268
Dell,Notebook,8,Windows,2.2,42486.0048,0,0,141.21199808219862,Intel Core i5,0,0,AMD,40924.17387818045
HP,Notebook,4,Windows,1.86,21258.1872,0,0,141.21199808219862,Other Intel Processor,0,0,Intel,19437.211943141792
HP,Gaming,12,Windows,2.62,95850.72,0,0,127.33567457123111,Intel Core i7,0,0,Nvidia,78821.01342398142
Lenovo,Notebook,8,Windows,1.87,45767.52,0,1,157.3505121487356,Intel Core i7,0,0,Nvidia,54134.25097407951
Dell,Ultrabook,8,Windows,1.2,74538.72,1,0,276.053530085501,Intel Core i7,0,0,Intel,80942.99813711648
Dell,Notebook,4,Windows,1.6,39207.1536,0,0,157.3505121487356,Intel Core i3,0,0,Intel,37096.44128896452
HP,Ultrabook,8,Windows,1.34,61005.6,0,1,276.053530085501,Intel Core i7,0,0,Intel,70450.93256584278
Acer,Gaming,8,Other,2.4,42517.44,0,0,141.21199808219862,Intel Core i5,0,0,Nvidia,43144.548320353584
Asus,Notebook,4,Windows,2.0,18594.72,0,0,100.45466986113651,AMD Processor,0,0,AMD,20764.223086601873
HP,Notebook,4,Windows,2.1,37589.04,0,0,141.21199808219862,Intel Core i3,0,0,Intel,29936.32595799388
Lenovo,Notebook,4,Windows,1.87,41824.8,0,0,157.3505121487356,Intel Core i5,0,0,Intel,42900.97011739447
Lenovo,Notebook,4,Other,2.15,24634.008,0,0,141.21199808219862,Intel Core i5,0,0,Intel,26217.070113320242
HP,Notebook,4,Windows,1.86,21152.16,0,0,141.21199808219862,Intel Core i3,0,0,Intel,24313.179243778373
Lenovo,Notebook,8,Windows,1.99,92121.12,0,1,141.21199808219862,Intel Core i7,0,0,Intel,61385.142724141086
Lenovo,Notebook,4,Windows,2.2,26586.72,0,0,141.21199808219862,Intel Core i3,0,0,Intel,25641.694765532357
Dell,Notebook,8,Windows,1.9,59513.2272,0,0,141.21199808219862,Intel Core i5,0,0,Intel,57175.13677583481
Dell,Gaming,16,Windows,4.42,143802.72,0,1,127.33567457123111,Intel Core i7,0,0,Nvidia,137099.1473854101
HP,Notebook,8,Windows,2.65,28992.312,0,0,106.11306214269258,Intel Core i3,0,0,Intel,28821.83263961737
HP,Notebook,8,Windows,2.63,68198.4,0,0,127.33567457123111,Intel Core i7,0,0,Nvidia,60780.41914221009
Asus,Notebook,4,Other,2.0,11934.72,0,0,100.45466986113651,Other Intel Processor,0,0,Intel,17143.51318357851
Mediacom,Notebook,4,Windows,1.35,13586.4,0,1,165.6321180513006,Other Intel Processor,0,0,Intel,15458.508657361306
Lenovo,Notebook,6,Windows,2.8,50562.72,0,0,106.11306214269258,Intel Core i7,0,0,Nvidia,44307.85044251275
HP,Notebook,6,Windows,1.91,30310.992,0,1,141.21199808219862,AMD Processor,0,0,AMD,30874.49699641697
Dell,Notebook,4,Windows,2.18,32921.712,0,0,100.45466986113651,Intel Core i3,0,0,AMD,30476.487756796414
Acer,2 in 1 Convertible,4,Windows,1.25,18594.72,1,1,189.90579052433606,Other Intel Processor,0,0,Intel,21560.42642010631
Lenovo,Notebook,4,Windows,2.05,33566.4,0,0,141.21199808219862,Intel Core i3,0,0,Intel,30200.388013702264
HP,Ultrabook,16,Windows,1.16,104695.2,1,1,276.053530085501,Other Intel Processor,0,0,Intel,107171.08325561267
Lenovo,Notebook,8,Windows,3.4,159786.72,0,1,127.33567457123111,Intel Core i7,0,0,Nvidia,93426.49398294812
Asus,Notebook,8,Windows,2.5,44701.92,0,0,141.21199808219862,Intel Core i5,0,0,Nvidia,45364.776432814164
Dell,Ultrabook,8,Windows,1.21,85194.72,1,1,331.2642361026012,Intel Core i5,0,0,Intel,83077.30228412012
Dell,Notebook,4,Windows,1.93,51095.52,0,0,100.45466986113651,Intel Core i5,0,0,Intel,44366.07566985293
Fujitsu,Notebook,8,Windows,2.2,39373.92,0,0,100.45466986113651,Intel Core i5,0,0,Intel,38141.679497306446
Lenovo,Notebook,4,Windows,2.2,18328.32,0,0,141.21199808219862,Other Intel Processor,0,0,Intel,18755.079829426624
Lenovo,Notebook,4,Windows,2.02,52747.2,0,0,111.93520355955211,Intel Core i5,0,0,Intel,42805.618109905634
HP,Workstation,8,Windows,3.14,99153.5472,0,0,106.11306214269258,Intel Core i5,0,0,Nvidia,74563.80277141833
HP,Notebook,8,Windows,1.94,20725.92,0,0,111.93520355955211,Other Intel Processor,0,0,Intel,26912.441032310915
HP,Notebook,6,Windows,1.95,34578.72,0,1,141.21199808219862,AMD Processor,0,0,AMD,32462.025571283935
Lenovo,Notebook,8,Windows,2.3,44222.4,0,0,141.21199808219862,Intel Core i5,0,0,Intel,52997.13115785119
Lenovo,Notebook,4,Windows,2.05,36496.8,0,0,141.21199808219862,Intel Core i5,0,0,Intel,38964.42580071109
Mediacom,Notebook,4,Windows,1.4,13266.72,0,0,157.3505121487356,Other Intel Processor,0,0,Intel,16688.43533130736
Toshiba,Ultrabook,16,Windows,1.24,99367.2,1,0,157.3505121487356,Intel Core i7,0,0,Intel,101225.37294259558
Lenovo,Gaming,32,Windows,4.6,141884.63999999998,0,1,127.33567457123111,Intel Core i7,0,0,Nvidia,167228.4719425368
MSI,Gaming,16,Windows,4.14,145401.12,0,0,127.33567457123111,Intel Core i7,0,0,Nvidia,128747.25811140727
Dell,Notebook,8,Other,2.2,39907.2528,0,0,141.21199808219862,Intel Core i7,0,0,AMD,38391.19058940272
Mediacom,Notebook,4,Windows,1.45,20725.92,0,1,157.3505121487356,Other Intel Processor,0,0,Intel,18242.418770920824
Dell,Notebook,8,Windows,1.9,53733.94559999999,0,0,100.45466986113651,Intel Core i5,0,0,Intel,36511.55506099026
HP,Notebook,4,Windows,1.49,38308.32,0,0,165.6321180513006,Intel Core i3,0,0,Intel,37729.637837625334
Dell,Notebook,16,Windows,1.93,81912.13919999999,0,0,141.21199808219862,Intel Core i7,0,0,Nvidia,82987.8693440677
Dell,Netbook,4,Other,1.26,15717.6,0,0,135.0942111925629,Other Intel Processor,0,0,Intel,17256.90373702173
MSI,Gaming,16,Windows,4.5,125154.72,0,0,127.33567457123111,Intel Core i7,0,0,Nvidia,128674.346793298
HP,Gaming,16,Windows,3.78,79813.44,0,1,127.33567457123111,Intel Core i7,0,0,Nvidia,103178.0217587507
Lenovo,Ultrabook,12,Windows,1.4,89137.44,0,1,157.3505121487356,Intel Core i7,0,0,Intel,91431.40879670589
Lenovo,Notebook,12,Windows,2.2,32447.52,1,0,100.45466986113651,Intel Core i7,0,0,Intel,34910.09101598522
Asus,Gaming,8,Windows,2.73,94305.6,0,1,127.33567457123111,Intel Core i5,0,0,Nvidia,77585.66392267805
Asus,2 in 1 Convertible,8,Windows,2.2,39373.92,1,0,100.45466986113651,Intel Core i5,0,0,Intel,46692.31579547791
Lenovo,Notebook,12,Windows,2.2,50562.72,0,0,141.21199808219862,AMD Processor,0,0,AMD,45575.56027347014
Dell,2 in 1 Convertible,4,Windows,1.39,32127.84,1,0,135.0942111925629,Other Intel Processor,0,0,Intel,26617.475359605938
Samsung,Notebook,16,Windows,2.5,90522.72,0,0,141.21199808219862,Intel Core i7,0,0,Nvidia,85149.67768284465
Lenovo,Notebook,4,Other,2.8,28185.12,0,0,127.33567457123111,Intel Core i3,0,0,Intel,26468.335913751995
Lenovo,Notebook,8,Windows,2.29,24455.52,0,0,100.45466986113651,Intel Core i3,0,0,Intel,24829.52147445466
Lenovo,2 in 1 Convertible,8,Windows,1.37,107892.0,1,1,165.6321180513006,Intel Core i7,0,0,Intel,96293.22235548733
Lenovo,Notebook,8,Windows,1.7,78534.72,0,1,157.3505121487356,Intel Core i5,0,0,Intel,65785.55132933869
Dell,2 in 1 Convertible,8,Windows,1.34,88977.59999999999,1,0,176.23257360658386,Intel Core i5,0,0,Intel,86773.19580471364
Dell,Workstation,8,Windows,2.06,93932.64,1,0,141.21199808219862,Intel Core i7,0,0,Nvidia,95999.81757059031
HP,Notebook,8,Windows,1.84,64948.32,0,0,141.21199808219862,Intel Core i7,0,0,Intel,67638.46172346559
HP,Notebook,4,Windows,2.1,35616.6144,0,0,100.45466986113651,Intel Core i3,0,0,Intel,30693.094346453763
Acer,Notebook,4,Windows,1.6,17529.12,0,0,157.3505121487356,Other Intel Processor,0,0,Intel,18289.637376759012
MSI,Gaming,16,Windows,4.14,117162.72,0,0,127.33567457123111,Intel Core i7,0,0,Nvidia,128747.25811140727
Dell,Notebook,4,Other,2.18,24775.2,0,0,100.45466986113651,Intel Core i3,0,0,AMD,23965.807672990657
MSI,Gaming,16,Windows,1.8,122490.72,0,0,282.42399616439724,Intel Core i7,0,0,Nvidia,119418.01173820232
Toshiba,Notebook,8,Windows,2.2,74538.72,0,1,141.21199808219862,Intel Core i7,0,0,Intel,63457.09706628401
Lenovo,Notebook,6,Windows,2.4,30049.92,0,0,141.21199808219862,Intel Core i5,0,0,Intel,35621.837566674694
Lenovo,2 in 1 Convertible,8,Windows,2.0,69210.72,1,1,141.21199808219862,Intel Core i7,0,0,Intel,62716.471195351325
Acer,Notebook,4,Windows,1.6,18594.72,0,0,111.93520355955211,Other Intel Processor,0,0,Intel,17483.493716027395
Lenovo,Notebook,32,Windows,2.5,261018.72,0,1,282.42399616439724,Other Intel Processor,0,0,Nvidia,152648.6366219765
Dell,Gaming,16,Windows,2.59,46833.6528,0,0,141.21199808219862,Intel Core i7,0,0,Nvidia,61935.483472035856
Dell,Notebook,4,Other,2.18,23650.992,0,0,100.45466986113651,Intel Core i3,0,0,Intel,22748.02118160024
Dell,Notebook,4,Other,2.25,19127.52,0,0,100.45466986113651,Intel Core i3,0,0,Intel,21504.818432971977
Dell,Notebook,4,Other,1.93,46300.32,0,0,100.45466986113651,Intel Core i5,0,0,Intel,34652.473394956694
Asus,Gaming,8,Windows,3.0,62231.04,0,0,127.33567457123111,Intel Core i7,0,0,Nvidia,65546.16340499792
Dell,Notebook,4,Other,2.18,30316.32,0,0,141.21199808219862,Intel Core i5,0,0,AMD,29855.888832326335
HP,Ultrabook,8,Windows,1.84,74005.92,0,0,141.21199808219862,Intel Core i7,0,0,Intel,61876.296230220694
MSI,Gaming,16,Windows,2.94,120831.5808,0,0,141.21199808219862,Intel Core i7,0,0,Nvidia,103662.98426550724
Acer,2 in 1 Convertible,4,Other,1.25,20193.12,1,1,135.0942111925629,Other Intel Processor,0,0,Intel,21521.86867952977
HP,Notebook,8,Windows,2.31,59886.72,0,0,111.93520355955211,Intel Core i5,0,0,Intel,45419.976994819925
Lenovo,Notebook,8,Windows,1.65,78055.2,0,0,157.3505121487356,Intel Core i5,0,0,Intel,67020.86273555407
Dell,Notebook,4,Windows,2.2,41345.28,0,0,141.21199808219862,Intel Core i5,0,0,AMD,37719.46447243701
Fujitsu,Notebook,8,Windows,2.2,42570.72,0,0,100.45466986113651,Intel Core i5,0,0,Intel,38141.679497306446
HP,Notebook,4,Windows,1.88,49656.96,0,0,100.45466986113651,Intel Core i5,0,0,Intel,33313.2980912398
Lenovo,Notebook,8,Windows,2.2,47898.72,0,0,141.21199808219862,Intel Core i7,0,0,Nvidia,46733.54005281337
Mediacom,Notebook,2,Windows,1.4,12733.92,0,0,157.3505121487356,Other Intel Processor,0,0,Intel,13472.318698082656
Lenovo,Notebook,4,Other,2.2,24935.04,0,0,141.21199808219862,Intel Core i5,0,0,Intel,25798.030089024072
Asus,2 in 1 Convertible,6,Windows,1.5,34046.4528,1,0,165.6321180513006,Intel Core i5,0,0,Intel,43743.45567543717
Dell,Notebook,8,Windows,2.0,96969.6,0,0,141.21199808219862,Intel Core i7,0,0,Nvidia,67073.41086194807
Asus,Ultrabook,16,Windows,1.1,101232.0,0,0,157.3505121487356,Intel Core i7,0,0,Intel,101082.34142471648
Dell,Gaming,16,Windows,2.62,78801.12,0,0,141.21199808219862,Intel Core i7,0,0,Nvidia,71661.06710796985
Lenovo,Notebook,4,Windows,1.8,44169.12,0,0,141.21199808219862,Intel Core i5,0,0,Intel,41451.65622182964
Lenovo,Notebook,4,Windows,2.2,30849.12,0,0,141.21199808219862,Intel Core i3,0,0,Nvidia,27600.478948897107
Asus,Notebook,8,Windows,2.0,21258.72,0,0,100.45466986113651,Other Intel Processor,0,0,Intel,23511.217082518502
Asus,Notebook,8,Windows,1.99,48304.7136,0,0,141.21199808219862,Intel Core i5,0,0,Nvidia,46905.279381548855
Dell,Ultrabook,8,Windows,1.23,99580.32,1,0,276.053530085501,Intel Core i5,0,0,Intel,85035.51363792244
Lenovo,Notebook,2,Windows,1.42,13266.72,0,0,111.93520355955211,Other Intel Processor,0,0,Intel,13109.049577854765
Lenovo,2 in 1 Convertible,8,Windows,1.37,93635.3376,1,1,165.6321180513006,Intel Core i7,0,0,Intel,96293.22235548733
Dell,Notebook,16,Windows,2.06,127818.72,1,0,282.42399616439724,Intel Core i7,0,0,Nvidia,117761.41168765776
Lenovo,Gaming,8,Windows,2.5,59087.52,0,1,141.21199808219862,Intel Core i7,0,0,Nvidia,59930.13796227512
HP,Notebook,8,Windows,2.6,27753.552,0,0,107.98564559226952,AMD Processor,0,0,AMD,30029.76100534662
Lenovo,Ultrabook,16,Windows,1.14,130536.0,0,1,157.3505121487356,Intel Core i7,0,0,Intel,107272.63453330722
Asus,Gaming,8,Other,2.5,62284.32,0,1,141.21199808219862,Intel Core i7,0,0,Nvidia,57404.02457067116
Acer,Notebook,4,Windows,2.4,23976.0,0,0,100.45466986113651,Intel Core i3,0,0,Intel,22739.819406444283
Lenovo,Notebook,4,Windows,1.43,14598.72,0,0,111.93520355955211,Other Intel Processor,0,0,Intel,14643.67603506623
Acer,Ultrabook,8,Windows,1.8,48964.32,0,1,157.3505121487356,Intel Core i5,0,0,Intel,51779.9384635819
Razer,Gaming,16,Windows,1.95,138474.72,0,0,157.3505121487356,Intel Core i7,0,0,Nvidia,141631.0722191895
Toshiba,Notebook,8,Windows,1.2,64628.64,0,0,165.6321180513006,Intel Core i5,0,0,Intel,74356.30215420922
Lenovo,Ultrabook,8,Windows,1.36,84395.52,0,1,176.23257360658386,Intel Core i7,0,0,Intel,87760.96748574324
Asus,Gaming,32,Windows,3.8,149130.72,0,1,127.33567457123111,Intel Core i7,0,0,Nvidia,133992.0312143383
Acer,Gaming,8,Other,2.4,37775.52,0,0,141.21199808219862,Intel Core i5,0,0,Nvidia,43144.548320353584
Dell,Ultrabook,8,Windows,1.2,77250.672,0,0,165.6321180513006,Intel Core i5,0,0,Intel,77684.95461144051
MSI,Gaming,8,Windows,2.2,63499.10399999999,0,0,141.21199808219862,Intel Core i7,0,0,Nvidia,65404.87063727731
HP,Notebook,4,Other,1.86,19441.872,0,0,100.45466986113651,Intel Core i3,0,0,Intel,20175.345696108012
Toshiba,Notebook,8,Windows,2.0,56689.92,0,1,141.21199808219862,Intel Core i5,0,0,Intel,53639.51683694133
Dell,Notebook,8,Windows,2.2,48964.32,0,0,141.21199808219862,Intel Core i7,0,0,AMD,46389.153424003554
Dell,Notebook,16,Windows,2.2,60472.8,0,0,141.21199808219862,Intel Core i7,0,0,AMD,63524.82437851131
Lenovo,Gaming,8,Windows,3.31,63722.88,0,1,141.21199808219862,Intel Core i7,0,0,Nvidia,71955.45961811912
Dell,Gaming,32,Windows,4.42,167691.8736,0,1,254.67134914246222,Intel Core i7,0,0,Nvidia,174640.59265162202
Dell,Notebook,8,Windows,1.56,65481.12,0,0,157.3505121487356,Intel Core i5,0,0,Intel,57564.16223225354
Lenovo,Notebook,4,Windows,2.2,22324.32,0,0,100.45466986113651,Other Intel Processor,0,0,Intel,18735.39705836777
Lenovo,Notebook,4,Windows,2.2,28504.8,0,0,141.21199808219862,Intel Core i5,0,0,Intel,34876.32106632236
HP,Notebook,6,Windows,2.04,28717.92,0,0,141.21199808219862,Intel Core i3,0,0,AMD,29304.774275277512
MSI,Gaming,8,Windows,2.7,79215.1056,0,0,127.33567457123111,Intel Core i7,0,0,Nvidia,73065.57730327517
Toshiba,Notebook,4,Windows,2.1,26533.44,0,0,100.45466986113651,Intel Core i3,0,0,Intel,25536.004529785023
Dell,Notebook,8,Windows,2.06,50882.4,0,0,141.21199808219862,Intel Core i5,0,0,Intel,48663.35646666607
HP,Notebook,8,Windows,2.1,39693.6,0,0,141.21199808219862,Intel Core i7,0,0,AMD,45995.86272397432
Toshiba,Notebook,8,Windows,2.0,67026.23999999999,0,1,141.21199808219862,Intel Core i5,0,0,Intel,53639.51683694133
Acer,Notebook,4,Other,2.1,21951.36,0,0,100.45466986113651,Intel Core i3,0,0,Intel,20880.37925891516
Microsoft,Ultrabook,8,Windows,1.252,99519.048,1,0,200.84255993695703,Intel Core i7,0,0,Intel,92057.7684032415
Lenovo,Notebook,8,Windows,1.9,43580.376,0,0,141.21199808219862,Intel Core i5,0,0,AMD,51671.8725926246
Lenovo,2 in 1 Convertible,8,Windows,1.3,55091.52,1,1,165.6321180513006,Intel Core i5,0,0,Intel,67600.0498769672
Lenovo,Notebook,4,Windows,2.2,18594.72,0,0,100.45466986113651,AMD Processor,0,0,AMD,18357.455684157587
HP,2 in 1 Convertible,4,Windows,1.63,37242.72,1,1,157.3505121487356,Intel Core i3,0,0,Nvidia,37107.18211019824
MSI,Gaming,16,Windows,2.4,68944.31999999999,0,0,141.21199808219862,Intel Core i7,0,0,Nvidia,80846.79549835887
Asus,Ultrabook,8,Windows,1.1,60472.8,0,0,157.3505121487356,Intel Core i5,0,0,Intel,62770.903483957685
HP,2 in 1 Convertible,8,Other,1.4,26373.6,1,0,135.0942111925629,Other Intel Processor,0,0,Intel,43168.08218651115
LG,Ultrabook,8,Windows,1.09,122490.72,0,1,141.21199808219862,Intel Core i7,0,0,Intel,92469.66155497739
Acer,Gaming,16,Windows,2.5,69210.72,0,0,141.21199808219862,Intel Core i5,0,0,Nvidia,68010.06641874676
MSI,Gaming,8,Windows,2.2,53168.112,0,0,141.21199808219862,Intel Core i5,0,0,Nvidia,56628.15691376441
Asus,Notebook,4,Windows,1.86,22324.32,0,0,100.45466986113651,Other Intel Processor,0,0,Intel,19311.92722156099
Dell,Gaming,16,Windows,3.21,109277.28,0,0,141.21199808219862,Intel Core i5,0,0,Nvidia,104494.70838185019
HP,Notebook,4,Windows,2.5,37242.72,0,1,127.33567457123111,Intel Core i3,0,0,AMD,32743.11683121714
Lenovo,2 in 1 Convertible,8,Windows,1.19,79866.72,1,1,165.6321180513006,Intel Core i7,0,0,Intel,90724.9794128925
Dell,Gaming,16,Windows,3.49,149916.6,0,0,141.21199808219862,Intel Core i7,0,0,Nvidia,134949.76971053082
HP,Notebook,4,Windows,1.86,32639.8608,0,0,100.45466986113651,Intel Core i5,0,0,AMD,32906.59565406405
Dell,Notebook,4,Windows,2.2,29073.297599999994,0,0,100.45466986113651,Intel Core i3,0,0,AMD,28834.003560421734
HP,Notebook,6,Windows,2.65,30316.32,0,1,127.33567457123111,AMD Processor,0,0,AMD,31403.58977843431
Lenovo,Notebook,4,Windows,2.1,16943.04,0,0,100.45466986113651,Other Intel Processor,0,0,Intel,17581.724046284406
Acer,Notebook,4,Other,1.45,19980.0,0,0,111.93520355955211,Other Intel Processor,0,0,Intel,18452.969097789213
Lenovo,Notebook,4,Windows,1.7,37242.72,0,0,157.3505121487356,Intel Core i5,0,0,Intel,43136.441076240226
HP,Workstation,8,Windows,3.14,101657.7072,0,0,127.33567457123111,Intel Core i7,0,0,Nvidia,117147.21916316162
Lenovo,2 in 1 Convertible,8,Windows,1.42,137995.19999999998,1,0,209.8006828649808,Intel Core i7,0,0,Intel,109095.91559344296
Toshiba,Notebook,8,Windows,1.5,51841.44,0,1,165.6321180513006,Intel Core i5,0,0,Intel,53645.4378412593
Acer,Netbook,4,Windows,1.4,14332.32,0,0,135.0942111925629,Other Intel Processor,0,0,Intel,18912.60822909516
Lenovo,2 in 1 Convertible,16,Windows,1.38,93186.72,1,0,157.3505121487356,Intel Core i7,0,0,Intel,93489.01830174595
Asus,2 in 1 Convertible,4,Other,1.2,35644.32,1,0,176.23257360658386,Other Intel Processor,0,0,Intel,23949.14913338901
Toshiba,Ultrabook,16,Windows,1.36,100006.56,1,0,165.6321180513006,Intel Core i7,0,0,Intel,100417.10910113435
HP,Notebook,4,Windows,2.1,36709.92,0,1,141.21199808219862,Intel Core i7,0,0,AMD,37646.178724189915
Dell,Gaming,8,Windows,2.56,43636.32,0,0,141.21199808219862,Intel Core i5,0,0,Nvidia,48702.35669187098
Lenovo,Notebook,4,Windows,2.2,21258.72,0,0,141.21199808219862,AMD Processor,0,0,AMD,24047.808549044825
Lenovo,Notebook,8,Windows,2.2,22857.12,0,0,100.45466986113651,AMD Processor,0,0,AMD,26330.915241353545
Lenovo,Notebook,4,Windows,2.1,33110.856,0,0,141.21199808219862,Intel Core i5,0,0,Intel,34740.26728776384
Lenovo,Notebook,4,Other,1.9,23976.0,0,0,100.45466986113651,Intel Core i3,0,0,Intel,20929.727273616983
Dell,Notebook,8,Windows,2.18,42357.6,0,0,141.21199808219862,Intel Core i5,0,0,Intel,45711.100803254616
Acer,2 in 1 Convertible,8,Windows,1.6,53226.72,1,1,165.6321180513006,Intel Core i5,0,0,Intel,46341.1592197519
Lenovo,Workstation,16,Windows,2.18,98834.4,0,0,141.21199808219862,Intel Core i7,0,0,Nvidia,95122.89035201016
Lenovo,Notebook,8,Windows,1.8,63456.48,0,0,157.3505121487356,Intel Core i5,0,0,Intel,62761.825318694464
HP,Notebook,6,Windows,2.71,34898.932799999995,0,1,127.33567457123111,AMD Processor,0,0,AMD,31862.90242623219
Lenovo,Gaming,8,Windows,2.5,66546.72,0,1,141.21199808219862,Intel Core i7,0,0,Nvidia,59930.13796227512
Dell,Notebook,8,Other,1.64,58021.92,0,0,157.3505121487356,Intel Core i5,0,0,Nvidia,49944.063244766556
Dell,Notebook,8,Other,1.98,38681.28,0,0,141.21199808219862,Intel Core i5,0,0,Intel,38885.761901437676
Asus,Notebook,4,Windows,1.5,15877.44,0,0,157.3505121487356,Other Intel Processor,0,0,Intel,16731.215800217095
Dell,Notebook,16,Windows,1.93,76012.44480000001,0,0,141.21199808219862,Intel Core i5,0,0,Intel,71434.85739779883
Lenovo,Notebook,8,Windows,1.87,45664.6896,0,1,157.3505121487356,Intel Core i5,0,0,Nvidia,53405.179236139804
Dell,Notebook,8,Windows,1.9,62817.12,0,0,141.21199808219862,Intel Core i5,0,0,Intel,57175.13677583481
Lenovo,Notebook,4,Windows,2.19,15877.44,0,0,100.45466986113651,AMD Processor,0,0,AMD,18051.11006671828
Mediacom,Notebook,4,Windows,1.4,14119.2,0,1,161.72539083525606,Other Intel Processor,0,0,Intel,16295.424651289255
HP,Notebook,8,Windows,2.63,63936.0,0,0,127.33567457123111,Intel Core i7,0,0,Nvidia,60780.41914221009
Lenovo,Ultrabook,8,Windows,1.17,89864.1792,0,1,209.8006828649808,Intel Core i7,0,0,Intel,97947.89160902229
HP,2 in 1 Convertible,8,Windows,1.58,44574.048,1,1,117.82653006268643,Intel Core i5,0,0,Intel,51766.98288317725
Lenovo,Ultrabook,8,Windows,1.32,79866.72,0,1,157.3505121487356,Intel Core i5,0,0,Intel,81224.99382460276
Dell,Gaming,32,Windows,4.36,194972.832,0,0,254.67134914246222,Intel Core i7,0,0,Nvidia,175534.24471404174
MSI,Gaming,8,Windows,2.7,71847.0144,0,0,127.33567457123111,Intel Core i7,0,0,Nvidia,73065.57730327517
Lenovo,Notebook,4,Other,1.9,26101.872,0,0,100.45466986113651,Intel Core i5,0,0,Intel,27735.071699375465
Dell,Notebook,8,Windows,2.2,38308.32,0,0,141.21199808219862,Intel Core i5,0,0,AMD,40924.17387818045
Dell,2 in 1 Convertible,4,Windows,1.71,34578.72,1,0,165.6321180513006,Intel Core i3,0,0,Intel,36255.14562925992
Dell,Notebook,8,Other,2.32,31409.6256,0,0,100.45466986113651,Intel Core i5,0,0,AMD,32531.883042106972
HP,Notebook,4,Windows,2.1,26053.92,0,0,141.21199808219862,AMD Processor,0,0,AMD,24494.912221640807
Acer,Gaming,16,Windows,4.2,103096.8,0,1,127.33567457123111,Intel Core i7,0,0,Nvidia,118172.80125599864
Dell,Notebook,12,Windows,2.25,34578.72,0,0,100.45466986113651,Intel Core i5,0,0,Intel,35552.57021876341
HP,Notebook,6,Windows,2.1,34632.0,0,0,141.21199808219862,AMD Processor,0,0,AMD,27761.186646357386
Acer,Notebook,4,Windows,2.4,29783.52,0,0,100.45466986113651,Intel Core i5,0,0,Intel,39376.409654772346
Lenovo,Notebook,8,Windows,1.44,51148.8,0,1,165.6321180513006,Intel Core i5,0,0,Intel,57775.15331859542
Lenovo,Notebook,4,Windows,1.85,41505.12,0,0,141.21199808219862,Intel Core i7,0,0,Intel,40335.15392672904
HP,Workstation,16,Windows,2.6,128884.32,0,0,141.21199808219862,Intel Core i7,0,0,Nvidia,100100.21235528725
Dell,2 in 1 Convertible,8,Windows,1.55,35111.52,1,0,165.6321180513006,Intel Core i5,0,0,Intel,48546.52764187029
MSI,Gaming,16,Windows,1.8,111593.8944,0,0,141.21199808219862,Intel Core i7,0,0,Nvidia,105161.96405222628
Acer,Notebook,4,Windows,2.4,21887.424,0,0,100.45466986113651,Intel Core i3,0,0,Intel,22739.819406444283
Dell,Notebook,8,Windows,2.0,64308.96,0,0,141.21199808219862,Intel Core i7,0,0,Nvidia,67073.41086194807
Dell,Notebook,8,Windows,2.0,35431.2,0,0,100.45466986113651,Intel Core i3,0,0,Intel,30764.56207299847
Toshiba,Notebook,8,Windows,1.25,81784.8,1,1,157.3505121487356,Intel Core i5,0,0,Intel,77780.67746922356
Lenovo,2 in 1 Convertible,8,Windows,1.7,53226.72,1,0,157.3505121487356,Intel Core i5,0,0,Intel,54761.804207140936
Lenovo,Workstation,16,Windows,2.5,175770.72,0,1,282.42399616439724,Intel Core i7,0,0,Nvidia,134154.9359523183
Acer,Notebook,2,Other,1.68,17582.399999999998,0,0,111.93520355955211,Other Intel Processor,0,0,Intel,12548.605371164147
Samsung,Ultrabook,16,Windows,0.81,87858.72,0,0,165.6321180513006,Intel Core i7,0,0,Intel,98696.77969871089
HP,Notebook,8,Windows,1.86,28717.92,0,0,141.21199808219862,Intel Core i3,0,0,Intel,36369.95519729707
Dell,Notebook,8,Windows,1.6,60031.1088,0,0,111.93520355955211,Intel Core i5,0,0,Intel,50937.0422235609
HP,Workstation,16,Windows,3.0,233845.92,0,1,127.33567457123111,Other Intel Processor,0,0,Nvidia,119126.57474328452
Lenovo,Netbook,4,Windows,1.4,25308.0,1,0,135.0942111925629,Other Intel Processor,0,0,Intel,24284.57984978047
HP,Notebook,8,Windows,1.84,101232.0,0,0,141.21199808219862,Intel Core i5,0,0,Intel,78189.7173343857
Asus,Notebook,4,Other,2.45,30849.12,0,0,100.45466986113651,Intel Core i5,0,0,Nvidia,28678.435170227276
Lenovo,Ultrabook,4,Windows,1.7,58394.88,0,0,157.3505121487356,Intel Core i5,0,0,Intel,48738.95732139189
Asus,Notebook,4,Windows,2.37,45282.672,0,0,100.45466986113651,Intel Core i7,0,0,Intel,38670.607607342456
Lenovo,2 in 1 Convertible,8,Windows,1.3,63882.72,1,1,276.053530085501,Intel Core i5,0,0,Intel,74824.28796903827
HP,Notebook,8,Windows,2.2,58554.72,0,1,141.21199808219862,Intel Core i5,0,0,Nvidia,50380.35621123148
HP,Workstation,8,Windows,2.59,83170.08,0,0,141.21199808219862,Intel Core i7,0,0,Nvidia,97753.1477762628
Dell,Gaming,16,Windows,4.42,152859.7872,0,1,282.42399616439724,Intel Core i7,0,0,Nvidia,148244.0285228249
Acer,Notebook,4,Windows,2.1,31914.72,0,0,100.45466986113651,Intel Core i5,0,0,Intel,32600.175502500573
Lenovo,Gaming,8,Windows,2.5,55837.44,0,1,141.21199808219862,Intel Core i7,0,0,Nvidia,59930.13796227512
Dell,Ultrabook,16,Windows,1.18,99047.52,0,0,176.23257360658386,Intel Core i7,0,0,Intel,98141.6346734256
Google,Ultrabook,8,Other,1.1,83063.52,1,0,234.50740003017813,Intel Core i5,0,0,Intel,69837.90223620157
Asus,Ultrabook,8,Windows,1.2,60153.12,0,1,276.053530085501,Intel Core i5,0,0,Intel,65173.46200663527
Dell,Notebook,4,Windows,1.65,45234.72,0,0,117.82653006268643,Intel Core i3,0,0,Intel,37608.18714095428
Acer,Notebook,4,Windows,1.6,34898.4,0,0,117.82653006268643,Intel Core i5,0,0,Intel,41216.235098322824
Asus,Notebook,4,Windows,2.8,25059.715199999995,0,0,90.58340172449303,Other Intel Processor,0,0,Nvidia,24359.68401272879
Dell,Gaming,16,Windows,2.72,58554.72,1,1,282.42399616439724,Intel Core i7,0,0,Nvidia,85205.23206662945
Samsung,Ultrabook,8,Windows,1.31,85194.72,1,0,165.6321180513006,Intel Core i7,0,0,Intel,86235.66389882602
Acer,Notebook,4,Other,2.1,15877.44,0,0,100.45466986113651,Other Intel Processor,0,0,Intel,16560.61598554521
Dell,Notebook,16,Windows,2.3,62938.0656,0,0,141.21199808219862,Intel Core i7,0,0,AMD,62045.387140523715
Samsung,2 in 1 Convertible,16,Windows,1.71,95850.72,1,0,146.86047800548656,Intel Core i7,0,0,AMD,94228.19738210567
Toshiba,Notebook,4,Windows,1.75,54345.6,0,1,111.93520355955211,Intel Core i5,0,0,Intel,50300.20522884259
Dell,Gaming,8,Windows,2.62,58554.72,0,0,141.21199808219862,Intel Core i7,0,0,Nvidia,57449.235464752484
HP,Ultrabook,4,Windows,1.26,66280.31999999999,0,0,125.36742798669837,Intel Core i5,0,0,Intel,69554.31977128188
Asus,2 in 1 Convertible,12,Windows,2.3,44701.92,1,0,141.21199808219862,Intel Core i7,0,0,Nvidia,56413.27797557411
Lenovo,Notebook,16,Windows,2.5,126273.6,0,0,282.42399616439724,Intel Core i7,0,0,Nvidia,129936.73977602673
Acer,Notebook,4,Windows,1.8,33886.08,0,1,157.3505121487356,Intel Core i3,0,0,Intel,33511.63027739945
Razer,Gaming,16,Windows,1.95,154458.72,0,0,157.3505121487356,Intel Core i7,0,0,Nvidia,141631.0722191895
Asus,Notebook,8,Windows,2.0,31003.632,0,0,141.21199808219862,Other Intel Processor,0,0,Intel,38982.236293696296
Dell,Gaming,32,Windows,4.42,191211.264,0,1,127.33567457123111,Intel Core i7,0,0,Nvidia,170739.66118627638
Asus,Gaming,16,Windows,4.3,125208.0,0,1,127.33567457123111,Intel Core i7,0,0,Nvidia,117693.40005531612
Toshiba,Ultrabook,16,Windows,1.47,93985.92,0,1,157.3505121487356,Intel Core i7,0,0,Nvidia,96285.09631573841
Lenovo,Notebook,8,Other,2.2,17529.12,0,0,100.45466986113651,Other Intel Processor,0,0,Intel,21583.616866367112
Lenovo,Ultrabook,16,Windows,1.7,122490.72,0,0,157.3505121487356,Intel Core i7,0,0,Intel,108765.61126840206
MSI,Gaming,16,Windows,1.6,100752.48,0,1,157.3505121487356,Intel Core i7,0,0,Nvidia,100575.78761189812
MSI,Gaming,8,Windows,2.2,58021.92,0,0,141.21199808219862,Intel Core i5,0,0,Nvidia,56628.15691376441
Lenovo,Gaming,4,Windows,2.4,53226.72,0,1,141.21199808219862,Intel Core i7,0,0,Nvidia,42236.347965242436
Acer,Gaming,16,Windows,4.2,122490.72,0,1,127.33567457123111,Intel Core i7,0,0,Nvidia,118172.80125599864
Dell,Gaming,8,Windows,2.62,52480.8,0,0,141.21199808219862,Intel Core i5,0,0,Nvidia,52337.316318417295
Asus,Gaming,8,Windows,2.24,71341.92,0,0,141.21199808219862,Intel Core i7,0,0,Nvidia,63921.59594426516
Vero,Notebook,4,Windows,1.22,10810.512,0,0,157.3505121487356,Other Intel Processor,0,0,Intel,14023.166823485097
Lenovo,2 in 1 Convertible,8,Windows,1.37,104961.6,1,1,165.6321180513006,Intel Core i7,0,0,Intel,96293.22235548733
Lenovo,2 in 1 Convertible,8,Windows,2.08,51095.52,1,0,141.21199808219862,Intel Core i5,0,0,AMD,50383.35389467481
Apple,Ultrabook,8,Mac,0.92,62071.2,0,1,226.41554716935852,Other Intel Processor,0,0,Intel,67267.4134910889
Lenovo,2 in 1 Convertible,8,Windows,1.42,124142.4,1,1,209.8006828649808,Intel Core i5,0,0,Intel,94945.94837852815
Asus,Notebook,4,Windows,1.63,15930.72,0,0,111.93520355955211,Other Intel Processor,0,0,Intel,16897.157170689916
Dell,Notebook,8,Windows,1.95,43156.8,0,0,100.45466986113651,Intel Core i5,0,0,Intel,37041.87506312369
Lenovo,2 in 1 Convertible,8,Windows,1.38,71874.72,1,1,158.48253022174808,Intel Core i7,0,0,Intel,74453.18237587507
Dell,Notebook,8,Windows,2.0,39373.92,0,0,141.21199808219862,Intel Core i3,0,0,AMD,39770.36855636965
HP,Workstation,8,Windows,3.14,110017.872,0,0,141.21199808219862,Intel Core i7,0,0,Nvidia,110378.16859486891
Asus,Notebook,8,Windows,2.37,58554.72,0,0,141.21199808219862,Intel Core i5,0,0,Intel,47043.3690771305
Dell,Ultrabook,8,Windows,1.29,79866.72,0,0,165.6321180513006,Intel Core i5,0,0,Intel,75093.09640895203
Dell,Notebook,8,Windows,2.06,93186.72,1,0,282.42399616439724,Intel Core i5,0,0,Nvidia,83835.01792328242
Dell,Netbook,4,Windows,1.63,39640.32,0,0,135.0942111925629,Other Intel Processor,0,0,Intel,25758.464241682203
HP,Netbook,8,Windows,1.26,74005.92,0,0,125.36742798669837,Intel Core i5,0,0,Intel,68018.10868072367
Toshiba,Notebook,4,Windows,2.1,41558.4,0,0,100.45466986113651,Intel Core i5,0,0,Intel,36013.45457515229
HP,Notebook,8,Windows,2.04,33513.119999999995,0,0,100.45466986113651,AMD Processor,0,0,AMD,30974.008917179126
Dell,Gaming,16,Windows,2.62,89457.12,0,0,282.42399616439724,Intel Core i7,0,0,Nvidia,97440.75294482865
Lenovo,Notebook,4,Windows,2.4,32447.52,0,0,141.21199808219862,Intel Core i5,0,0,Nvidia,35424.33919708072
HP,Gaming,12,Windows,3.74,93186.72,0,1,127.33567457123111,Intel Core i7,0,0,AMD,93406.26081571312
MSI,Gaming,16,Windows,2.9,128671.2,0,0,127.33567457123111,Intel Core i7,0,0,Nvidia,112712.82717567719
Samsung,Ultrabook,8,Windows,0.81,79866.72,0,0,165.6321180513006,Intel Core i5,0,0,Intel,77115.12531496187
Dell,Notebook,8,Windows,1.98,51202.08,0,0,141.21199808219862,Intel Core i7,0,0,Nvidia,58196.72709829732
Dell,Notebook,8,Windows,2.18,42081.0768,0,0,141.21199808219862,Intel Core i5,0,0,AMD,41552.2597300803
Lenovo,Ultrabook,8,Windows,1.32,99047.52,0,0,157.3505121487356,Intel Core i7,0,0,Intel,93738.33267810359
Razer,Ultrabook,16,Windows,1.29,95850.72,1,1,352.4651472131677,Intel Core i7,0,0,Intel,113482.01554029336
HP,Netbook,4,Other,1.23,20512.8,0,0,135.0942111925629,Other Intel Processor,0,0,Intel,17302.53136542651
Dell,Gaming,16,Windows,4.36,133467.4656,0,1,127.33567457123111,Intel Core i7,0,0,Nvidia,136365.76555888078
Dell,Notebook,4,Windows,1.76,40226.4,0,0,111.93520355955211,Intel Core i5,0,0,Intel,44452.587259414795
Lenovo,Notebook,4,Windows,2.1,26101.872,0,0,100.45466986113651,Intel Core i3,0,0,Intel,24091.312748613902
Toshiba,Ultrabook,4,Windows,1.25,58075.2,0,0,111.93520355955211,Intel Core i5,0,0,Intel,60361.39784415959
Lenovo,Ultrabook,8,Windows,1.13,133146.72,0,1,157.3505121487356,Intel Core i7,0,0,Intel,108666.35037469395
MSI,Gaming,8,Windows,2.4,63882.72,0,0,141.21199808219862,Intel Core i5,0,0,Nvidia,56699.89841850157
Lenovo,Ultrabook,8,Windows,1.13,99900.0,0,1,157.3505121487356,Intel Core i5,0,0,Intel,78304.16336566593
Toshiba,Notebook,4,Windows,1.75,26586.72,0,0,111.93520355955211,Other Intel Processor,0,0,Intel,21041.68687904403
Asus,2 in 1 Convertible,8,Windows,1.1,72354.23999999999,1,0,165.6321180513006,Intel Core i5,0,0,Intel,66618.7186722674
Dell,Notebook,4,Windows,1.76,31168.8,0,0,111.93520355955211,Intel Core i3,0,0,Intel,31422.217742788485
Acer,Netbook,4,Other,1.35,18914.4,0,1,135.0942111925629,Other Intel Processor,0,0,Intel,17697.28064279277
Acer,Notebook,8,Windows,1.5,32980.32,0,1,157.3505121487356,Intel Core i3,0,0,Intel,40767.73165890257
Razer,Gaming,32,Windows,3.49,292986.72,1,0,254.67134914246222,Intel Core i7,0,0,Nvidia,223473.56623169442
Lenovo,Ultrabook,16,Windows,1.1,111834.72,0,1,209.8006828649808,Intel Core i7,0,0,Intel,116183.6187384768
Asus,Notebook,4,Other,2.1,27652.32,0,0,141.21199808219862,Intel Core i5,0,0,Nvidia,28720.29065287072
Lenovo,Notebook,8,Windows,1.7,63190.08,0,0,157.3505121487356,Intel Core i5,0,0,Intel,64844.80736421306
Lenovo,Notebook,8,Windows,1.32,87912.0,0,1,157.3505121487356,Intel Core i5,0,0,Intel,76624.73486110287
Dell,Gaming,16,Windows,3.21,147832.28639999998,0,0,141.21199808219862,Intel Core i7,0,0,Nvidia,117754.98350566498
Asus,Gaming,16,Windows,2.9,128884.32,0,0,127.33567457123111,Intel Core i7,0,0,Nvidia,101234.30482447727
Toshiba,Notebook,4,Windows,2.0,35644.32,0,0,100.45466986113651,Intel Core i3,0,0,Intel,27669.928584595527
Lenovo,Notebook,4,Other,1.5,17316.0,0,0,111.93520355955211,Other Intel Processor,0,0,Intel,16996.81365042048
Asus,Notebook,8,Windows,2.3,31435.2,0,0,141.21199808219862,Intel Core i5,0,0,Intel,42259.25244565046
Asus,Gaming,16,Windows,2.73,95850.72,0,0,127.33567457123111,Intel Core i7,0,0,Nvidia,101326.39245767637
Dell,Gaming,32,Windows,4.42,163723.57919999998,0,1,127.33567457123111,Intel Core i7,0,0,Nvidia,170739.66118627638
HP,Notebook,8,Windows,2.63,48484.8,0,0,106.11306214269258,Intel Core i5,0,0,Nvidia,41567.46805865903
Dell,Notebook,8,Windows,2.18,38041.3872,0,0,100.45466986113651,Intel Core i5,0,0,Intel,35662.40211673474
HP,Ultrabook,8,Windows,1.54,99633.6,0,0,157.3505121487356,Intel Core i7,0,0,Intel,84843.0120533945
Dell,Notebook,4,Windows,2.18,39373.92,0,0,141.21199808219862,Intel Core i7,0,0,AMD,38080.92515592383
HP,2 in 1 Convertible,4,Other,1.4,32767.2,1,0,135.0942111925629,Other Intel Processor,0,0,Intel,27848.56987916352
Asus,Ultrabook,8,Windows,1.45,54665.28,0,1,165.6321180513006,Intel Core i5,0,0,Nvidia,59510.01662706577
HP,2 in 1 Convertible,8,Windows,1.28,121318.56,1,0,165.6321180513006,Intel Core i5,0,0,Intel,89378.72250529447
HP,Ultrabook,8,Windows,1.54,78215.04,0,0,157.3505121487356,Intel Core i7,0,0,Intel,84843.0120533945
HP,Notebook,4,Other,1.86,15930.72,0,0,100.45466986113651,Other Intel Processor,0,0,Intel,15808.185178803733
Asus,Gaming,16,Windows,2.1,101178.72,0,0,141.21199808219862,Intel Core i7,0,0,Nvidia,102670.61092290406
Dell,Notebook,8,Other,2.83,46087.2,0,0,127.33567457123111,Intel Core i7,0,0,AMD,50247.40208126196
Lenovo,Ultrabook,8,Windows,1.96,101391.84,0,1,157.3505121487356,Intel Core i7,0,0,Nvidia,67552.54333886018
Asus,Notebook,8,Windows,2.3,41931.36,0,1,141.21199808219862,Intel Core i7,0,0,Nvidia,46887.803500937385
Dell,Notebook,8,Windows,1.9,50349.6,0,0,141.21199808219862,Intel Core i5,0,0,Intel,57175.13677583481
Asus,Notebook,4,Windows,2.0,23922.72,0,0,100.45466986113651,Other Intel Processor,0,0,Intel,17874.887971862496
HP,2 in 1 Convertible,8,Windows,1.28,136343.52,1,0,165.6321180513006,Intel Core i7,0,0,Intel,105118.2952175154
Dell,Notebook,8,Windows,1.62,34578.72,1,0,165.6321180513006,Intel Core i5,0,0,Intel,44742.67910371561
Lenovo,Notebook,4,Other,2.2,24988.32,0,0,141.21199808219862,Intel Core i3,0,0,Intel,24064.98479984397
Lenovo,Notebook,8,Windows,2.3,45323.1648,0,1,141.21199808219862,Intel Core i5,0,0,Intel,50950.97561909255
HP,Notebook,8,Windows,1.84,71874.72,0,0,141.21199808219862,Intel Core i5,0,0,AMD,69687.55441296435
Toshiba,Notebook,4,Windows,1.05,68464.8,0,0,165.6321180513006,Intel Core i5,0,0,Intel,61714.183898911826
Lenovo,Gaming,8,Other,2.5,54185.76,0,1,141.21199808219862,Intel Core i5,0,0,Nvidia,47898.073247105756
Dell,Ultrabook,16,Windows,1.29,119347.2,1,0,276.053530085501,Intel Core i7,0,0,Intel,112435.94110660738
HP,Notebook,4,Windows,2.07,48484.8,0,0,141.21199808219862,Intel Core i5,0,0,Intel,44865.74139765789
Toshiba,Ultrabook,8,Windows,1.2,58341.6,0,0,117.82653006268643,Intel Core i5,0,0,Intel,64699.60112590638
Lenovo,2 in 1 Convertible,8,Windows,1.37,103896.0,1,1,165.6321180513006,Intel Core i7,0,0,Intel,96293.22235548733
Acer,Notebook,8,Windows,1.56,48058.56,0,1,157.3505121487356,Intel Core i5,0,0,Intel,52910.657591080504
Dell,Workstation,8,Windows,2.23,94731.84,0,0,141.21199808219862,Intel Core i7,0,0,Nvidia,95995.50427549644
Lenovo,Notebook,4,Windows,2.38,56210.4,0,0,100.45466986113651,Intel Core i5,0,0,Intel,40868.41320273603
Lenovo,Notebook,4,Other,2.2,25521.12,0,0,141.21199808219862,Intel Core i3,0,0,AMD,24687.2228357283
Toshiba,Notebook,8,Windows,2.0,73952.64,0,1,141.21199808219862,Intel Core i7,0,0,Intel,64226.2223070367
Lenovo,Notebook,4,Windows,1.44,39160.8,0,1,165.6321180513006,Intel Core i3,0,0,Intel,34212.61179779472
Samsung,Ultrabook,16,Windows,1.23,98514.72,0,0,146.86047800548656,Intel Core i7,0,0,Nvidia,91038.89614361618
Dell,Ultrabook,8,Windows,1.6,90043.2,0,0,176.23257360658386,Intel Core i7,0,0,Intel,72704.21160028169
Asus,Notebook,4,Other,2.0,21258.1872,0,0,100.45466986113651,Other Intel Processor,0,0,Intel,17143.51318357851
Xiaomi,Ultrabook,8,Windows,1.28,49816.8,0,1,165.6321180513006,Intel Core i5,0,0,Nvidia,64791.91649270925
Dell,Notebook,4,Windows,2.18,48618.0,0,0,141.21199808219862,Intel Core i5,0,0,Nvidia,41445.813479719465
HP,Notebook,4,Windows,2.04,44701.92,0,0,141.21199808219862,Intel Core i5,0,0,Intel,44663.4984868809
HP,2 in 1 Convertible,4,Windows,1.28,90576.0,1,0,165.6321180513006,Intel Core i5,0,0,Intel,73665.87483402503
HP,2 in 1 Convertible,4,Windows,2.3,36486.14399999999,1,0,100.45466986113651,Intel Core i5,0,0,Intel,42293.183376150555
Asus,Notebook,4,Windows,1.65,18541.44,0,0,111.1413368676404,Other Intel Processor,0,0,Intel,17431.021404909
Lenovo,Notebook,8,Windows,2.2,35644.32,0,1,141.21199808219862,Intel Core i7,0,0,Nvidia,48879.64737649121
Dell,Notebook,4,Windows,2.2,19660.32,0,0,100.45466986113651,Other Intel Processor,0,0,Intel,19289.882081768388
HP,2 in 1 Convertible,4,Windows,1.28,95850.72,1,0,165.6321180513006,Intel Core i5,0,0,Intel,73665.87483402503
Dell,Notebook,4,Other,2.18,24279.696,0,0,100.45466986113651,Intel Core i3,0,0,AMD,23965.807672990657
Asus,Gaming,12,Windows,2.2,72988.272,0,0,127.33567457123111,Intel Core i5,0,0,Nvidia,66899.2502343381
Acer,Netbook,4,Other,1.25,15824.16,0,1,135.0942111925629,Other Intel Processor,0,0,Intel,16668.49533375987
Lenovo,Notebook,4,Windows,2.8,20193.12,0,0,106.11306214269258,AMD Processor,0,0,AMD,23523.823561462435
HP,Notebook,4,Windows,1.95,67399.2,0,0,157.3505121487356,Intel Core i5,0,0,Intel,57579.932615768994
HP,2 in 1 Convertible,16,Windows,1.42,74538.72,1,0,276.053530085501,Intel Core i7,0,0,Intel,98184.10002269778
Samsung,Ultrabook,8,Windows,1.17,90522.72,0,0,146.86047800548656,Intel Core i7,0,0,Intel,86769.45537781474
Lenovo,Ultrabook,8,Windows,1.32,95850.72,0,1,157.3505121487356,Intel Core i5,0,0,Intel,81224.99382460276
MSI,Gaming,16,Windows,2.43,141138.72,0,1,254.67134914246222,Intel Core i7,0,0,Nvidia,127195.68798742164
Toshiba,Notebook,8,Windows,1.05,78588.0,0,0,165.6321180513006,Intel Core i5,0,0,Intel,75663.13517317103
Dell,Gaming,8,Other,2.62,49497.12,0,0,141.21199808219862,Intel Core i7,0,0,Nvidia,52981.46297402521
HP,Notebook,8,Windows,2.04,47952.0,0,0,141.21199808219862,Intel Core i7,0,0,Nvidia,50870.0661298592
Dell,Notebook,4,Windows,2.18,32713.92,0,0,100.45466986113651,Intel Core i3,0,0,AMD,30476.487756796414
Dell,Notebook,8,Windows,1.9,49816.8,0,0,141.21199808219862,Intel Core i5,0,0,Intel,57175.13677583481
Dell,2 in 1 Convertible,8,Windows,1.24,107257.968,1,0,276.053530085501,Intel Core i7,0,0,Intel,92643.24949129159
Asus,Gaming,32,Windows,3.58,68145.12,0,1,127.33567457123111,Intel Core i7,0,0,Nvidia,117453.41238896652
Dell,2 in 1 Convertible,16,Windows,1.22,87858.72,1,0,165.6321180513006,Intel Core i7,0,0,Intel,89513.75037446248
Lenovo,Ultrabook,8,Windows,1.13,109170.72,0,1,157.3505121487356,Intel Core i7,0,0,Intel,108666.35037469395
Lenovo,Notebook,8,Windows,1.95,104588.1072,0,1,141.21199808219862,Intel Core i5,0,0,Intel,69477.18644023425
LG,Ultrabook,16,Windows,1.08,111834.72,1,1,141.21199808219862,Intel Core i7,0,0,Intel,95573.37575081029
HP,Netbook,8,Windows,1.26,79014.23999999999,0,0,176.23257360658386,Intel Core i7,0,0,Intel,88141.63527461608
Acer,Notebook,4,Other,2.2,19127.52,0,1,141.21199808219862,Other Intel Processor,0,0,Intel,18891.287960624813
Lenovo,Notebook,8,Windows,2.6,42037.92,0,1,141.21199808219862,Intel Core i5,0,0,Nvidia,48226.4283389471
LG,Ultrabook,8,Windows,0.98,101178.72,1,1,157.3505121487356,Intel Core i7,0,0,Intel,96814.76869669047
Dell,Notebook,8,Windows,1.6,64202.4,0,0,157.3505121487356,Intel Core i5,0,0,Intel,55510.1216437425
HP,Ultrabook,8,Windows,1.09,165168.0,1,0,352.4651472131677,Other Intel Processor,0,0,Intel,80152.45494720673
Lenovo,Notebook,6,Windows,2.2,42037.92,0,0,141.21199808219862,Intel Core i7,0,0,Nvidia,40991.63021291328
HP,Notebook,8,Windows,2.04,54291.78719999999,0,0,141.21199808219862,Intel Core i7,0,0,Nvidia,50870.0661298592
Acer,Notebook,4,Windows,2.4,26586.72,0,0,141.21199808219862,Intel Core i3,0,0,Intel,26636.34312527455
Lenovo,Notebook,4,Windows,1.44,46939.68,0,0,165.6321180513006,Intel Core i5,0,0,Intel,47916.94381780309
HP,Notebook,8,Windows,1.49,51148.8,0,0,165.6321180513006,Intel Core i5,0,0,Intel,53795.69094190214
MSI,Gaming,16,Windows,2.7,85194.72,0,0,127.33567457123111,Intel Core i7,0,0,Nvidia,92104.77769604791
Dell,Gaming,16,Windows,2.6,71874.72,0,0,141.21199808219862,Intel Core i7,0,0,Nvidia,66282.53865318694
MSI,Gaming,8,Windows,2.2,59668.804800000005,0,0,141.21199808219862,Intel Core i5,0,0,Nvidia,56628.15691376441
Dell,Notebook,4,Windows,2.18,36496.2672,0,0,100.45466986113651,Intel Core i5,0,0,AMD,37176.60743670447
HP,Ultrabook,8,Windows,1.84,69103.62719999999,0,0,141.21199808219862,Intel Core i7,0,0,AMD,56845.760225651895
HP,Ultrabook,8,Windows,1.39,61218.72,1,0,276.053530085501,Intel Core i7,0,0,Intel,72713.23167607076
Toshiba,Notebook,16,Windows,2.4,105228.0,0,1,141.21199808219862,Intel Core i7,0,0,Nvidia,83874.85645317637
Lenovo,2 in 1 Convertible,8,Windows,1.37,97236.0,1,1,165.6321180513006,Intel Core i5,0,0,Intel,80502.44257949083
Dell,Notebook,4,Windows,1.95,38889.072,0,0,100.45466986113651,Intel Core i5,0,0,Intel,43679.311553301384
Lenovo,Ultrabook,8,Windows,1.36,87912.0,0,1,176.23257360658386,Intel Core i7,0,0,Intel,87760.96748574324
HP,Notebook,8,Windows,2.31,62071.2,0,0,141.21199808219862,Intel Core i5,0,0,Intel,52142.185527003196
Dell,Notebook,4,Windows,2.18,37725.4368,0,0,100.45466986113651,Intel Core i5,0,0,Intel,36635.22284342866
HP,Notebook,4,Windows,1.95,61218.72,0,0,111.93520355955211,Intel Core i5,0,0,Intel,50544.63716442238
Lenovo,Notebook,4,Windows,2.2,16463.52,0,0,100.45466986113651,Other Intel Processor,0,0,Intel,18735.39705836777
HP,Ultrabook,4,Windows,1.26,84129.12,0,0,176.23257360658386,Intel Core i5,0,0,Intel,76796.62616148948
HP,Notebook,4,Other,1.86,15392.592,0,0,100.45466986113651,Other Intel Processor,0,0,Intel,15808.185178803733
Lenovo,2 in 1 Convertible,16,Windows,1.3,95850.72,1,1,276.053530085501,Intel Core i7,0,0,Intel,87902.13728898732
Toshiba,Notebook,4,Windows,1.47,58874.4,0,1,157.3505121487356,Intel Core i5,0,0,Intel,55874.34620092758
HP,Netbook,8,Windows,1.26,88924.31999999999,0,0,176.23257360658386,Intel Core i5,0,0,Intel,84186.92491539974
Dell,Notebook,4,Windows,2.18,29762.208,0,0,100.45466986113651,Intel Core i3,0,0,Intel,28815.560411340757
MSI,Gaming,8,Windows,2.2,63882.72,0,0,141.21199808219862,Intel Core i7,0,0,Nvidia,65404.87063727731
Dell,Ultrabook,8,Windows,1.36,87325.92,0,0,157.3505121487356,Intel Core i5,0,0,Intel,79570.92867332585
Dell,Gaming,16,Windows,4.36,146946.24,0,0,169.78089942830815,Intel Core i7,0,0,Nvidia,142419.75083404835
HP,Gaming,8,Windows,2.75,74538.72,0,1,127.33567457123111,Intel Core i5,0,0,Nvidia,71107.12619072091
Asus,Notebook,4,Windows,2.8,28238.4,0,0,106.11306214269258,Other Intel Processor,0,0,Nvidia,24759.24081152624
Acer,Notebook,4,Windows,2.23,32980.32,0,0,100.45466986113651,Intel Core i5,0,0,Intel,33467.891930852275
Toshiba,Notebook,8,Windows,2.2,59620.32,0,0,100.45466986113651,Intel Core i5,0,0,Intel,44905.754497575785
Lenovo,2 in 1 Convertible,8,Windows,1.1,69210.72,1,1,194.94753717542463,Other Intel Processor,0,0,Intel,73068.93002332943
Lenovo,Gaming,16,Windows,2.5,53226.72,0,1,141.21199808219862,AMD Processor,0,0,AMD,59634.70779064219
Dell,Ultrabook,8,Windows,1.36,78438.816,1,0,176.23257360658386,Intel Core i5,0,0,Intel,82569.47243408025
Lenovo,Notebook,8,Other,2.2,36496.8,0,0,141.21199808219862,Intel Core i7,0,0,Nvidia,36790.69722669636
Dell,Notebook,4,Windows,2.36,35111.52,0,0,106.11306214269258,Intel Core i3,0,0,AMD,29525.174394144076
Acer,Notebook,4,Other,1.68,18594.72,0,0,111.93520355955211,Other Intel Processor,0,0,Intel,17588.129983513038
HP,Workstation,8,Windows,2.0,119826.72,0,1,141.21199808219862,Intel Core i7,0,0,Nvidia,107749.79292276403
Dell,Ultrabook,8,Windows,1.36,94572.0,0,0,157.3505121487356,Intel Core i7,0,0,Intel,85593.60282560597
Toshiba,Notebook,8,Windows,1.2,77788.8,0,0,165.6321180513006,Intel Core i5,0,0,Intel,74356.30215420922
Asus,2 in 1 Convertible,8,Other,1.2,61751.52,0,0,176.23257360658386,Other Intel Processor,0,0,Intel,51331.88708755589
Lenovo,Ultrabook,8,Windows,1.7,79333.3872,0,1,157.3505121487356,Intel Core i7,0,0,Intel,75029.47334924163
Dell,Gaming,16,Windows,4.36,168045.12,0,1,254.67134914246222,Intel Core i7,0,0,Nvidia,153117.99208371865
Dell,2 in 1 Convertible,8,Windows,1.24,101178.72,1,0,165.6321180513006,Intel Core i5,0,0,Intel,87022.03990088591
HP,2 in 1 Convertible,4,Windows,1.45,41292.0,1,0,135.0942111925629,Other Intel Processor,0,0,Intel,30268.012764071962
Dell,Ultrabook,8,Windows,1.3,67559.04,0,0,276.053530085501,Intel Core i7,0,0,Intel,75034.40690402524
Acer,2 in 1 Convertible,4,Other,1.25,20725.92,1,1,135.0942111925629,Other Intel Processor,0,0,Intel,21521.86867952977
Toshiba,Notebook,8,Windows,1.2,81784.8,0,0,165.6321180513006,Intel Core i5,0,0,Intel,74356.30215420922
Lenovo,Ultrabook,8,Windows,1.36,93772.8,0,1,176.23257360658386,Intel Core i5,0,0,Intel,81309.31713329865
Acer,Notebook,12,Windows,2.4,53759.52,0,0,141.21199808219862,Intel Core i5,0,0,Nvidia,51445.08472418439
Toshiba,Ultrabook,8,Windows,1.1,95371.2,1,0,176.23257360658386,Intel Core i7,0,0,Intel,94131.29155899862
HP,Notebook,8,Windows,2.04,45101.52,0,0,100.45466986113651,Intel Core i5,0,0,Nvidia,39777.10758863976
Dell,Notebook,4,Other,2.25,24808.2336,0,0,100.45466986113651,Intel Core i3,0,0,AMD,22814.651483235502
Dell,Notebook,4,Windows,1.9,43956.0,0,0,100.45466986113651,Intel Core i5,0,0,Intel,41351.858006286595
HP,Notebook,4,Windows,2.04,36496.8,0,0,141.21199808219862,Intel Core i3,0,0,Intel,32315.092210406026
Dell,Gaming,32,Windows,4.42,167778.72,0,1,127.33567457123111,Intel Core i7,0,0,Nvidia,170739.66118627638
Lenovo,Notebook,6,Windows,2.4,37029.6,0,0,141.21199808219862,Intel Core i5,0,0,Nvidia,35855.80491054545
Dell,2 in 1 Convertible,16,Windows,1.22,101178.72,1,0,276.053530085501,Intel Core i7,0,0,Intel,105570.19035964609
Dell,Ultrabook,8,Windows,1.5,104587.57439999998,1,0,209.8006828649808,Intel Core i7,0,0,Intel,96856.45862908672
Dell,Gaming,32,Windows,4.42,149184.0,0,0,127.33567457123111,Intel Core i7,0,0,Nvidia,162216.11504260032
Toshiba,Notebook,8,Windows,1.95,62870.4,0,0,157.3505121487356,Intel Core i5,0,0,Intel,60349.591341822255
Asus,Gaming,16,Windows,2.73,109218.672,0,0,127.33567457123111,Intel Core i7,0,0,Nvidia,101326.39245767637
HP,Notebook,8,Windows,2.04,52161.12,0,1,141.21199808219862,Intel Core i5,0,0,Nvidia,51314.36940854955
Lenovo,Notebook,4,Windows,1.7,53386.56,0,0,111.93520355955211,Intel Core i5,0,0,Intel,45929.94524940025
Asus,2 in 1 Convertible,16,Windows,2.3,95850.72,1,0,282.42399616439724,Intel Core i7,0,0,Nvidia,113498.53130982285
HP,Notebook,6,Windows,2.04,30849.12,0,0,100.45466986113651,Intel Core i7,0,0,Intel,35213.23613347611
Asus,Gaming,16,Windows,2.99,93186.72,0,0,127.33567457123111,Intel Core i7,0,0,Nvidia,101244.44677803044
Dell,2 in 1 Convertible,12,Windows,2.19,69210.72,1,1,141.21199808219862,Intel Core i7,0,0,Intel,54476.78854486183
Toshiba,Notebook,4,Windows,1.2,63669.6,0,0,165.6321180513006,Intel Core i5,0,0,Intel,60189.51506379652
Lenovo,Notebook,6,Windows,2.2,29250.72,0,0,141.21199808219862,AMD Processor,0,0,AMD,28010.7176607129
Fujitsu,Notebook,4,Windows,2.3,34578.72,0,0,100.45466986113651,Intel Core i5,0,0,Intel,35927.39756799529
Toshiba,Notebook,4,Windows,1.75,48751.2,0,0,111.93520355955211,Intel Core i5,0,0,Intel,48768.350373783884
Dell,Notebook,4,Windows,2.25,31914.72,0,0,100.45466986113651,Intel Core i5,0,0,AMD,35870.58079853024
HP,Notebook,8,Windows,2.04,42943.68,0,0,141.21199808219862,Intel Core i5,0,0,Intel,47036.73113670169
Lenovo,Gaming,8,Windows,2.5,63349.92,0,1,141.21199808219862,Intel Core i7,0,0,Nvidia,59930.13796227512
Dell,Notebook,8,Windows,2.36,39906.72,0,0,100.45466986113651,Intel Core i7,0,0,AMD,38941.77809896985
Dell,Notebook,8,Windows,1.6,59620.32,0,0,157.3505121487356,Intel Core i5,0,0,Intel,55510.1216437425
HP,Netbook,8,Windows,0.97,101658.24,0,0,176.23257360658386,Other Intel Processor,0,0,Intel,77394.13523086536
HP,Notebook,4,Windows,2.1,26586.72,0,0,141.21199808219862,Intel Core i3,0,0,AMD,27233.1794297707
Lenovo,Notebook,4,Other,1.9,14418.6336,0,0,100.45466986113651,Other Intel Processor,0,0,Intel,15464.998800582372
Lenovo,Notebook,8,Windows,2.3,71874.72,0,0,141.21199808219862,Intel Core i5,0,0,Intel,52997.13115785119
Dell,2 in 1 Convertible,8,Windows,1.68,47365.92,1,0,165.6321180513006,Intel Core i5,0,0,Intel,48376.75789700195
Asus,Notebook,8,Windows,1.4,61272.0,0,0,276.053530085501,Intel Core i5,0,0,Intel,69315.41452539596
HP,Ultrabook,8,Windows,1.11,71874.72,1,1,165.6321180513006,Intel Core i7,0,0,Intel,94469.77704668454
Acer,Notebook,4,Windows,2.4,20246.4,0,0,100.45466986113651,Other Intel Processor,0,0,Intel,19343.667124038922
Asus,Gaming,16,Windows,2.5,95850.72,0,0,141.21199808219862,Intel Core i7,0,0,Nvidia,91321.32812053227
HP,Ultrabook,8,Windows,1.48,111301.92,0,0,157.3505121487356,Intel Core i7,0,0,Intel,90939.88699318292
Acer,Gaming,8,Windows,2.7,67132.8,0,1,141.21199808219862,Intel Core i7,0,0,Nvidia,65385.62410400041
HP,Notebook,8,Windows,1.34,63349.92,0,1,165.6321180513006,Intel Core i5,0,0,Intel,71114.53635638025
Dell,Notebook,4,Windows,2.18,29144.16,0,0,100.45466986113651,Intel Core i3,0,0,Intel,28815.560411340757
HP,Notebook,4,Windows,1.64,41505.12,0,0,111.93520355955211,Intel Core i5,0,0,Intel,46762.21313342861
Toshiba,Notebook,4,Windows,1.2,63669.6,0,0,165.6321180513006,Intel Core i5,0,0,Intel,60189.51506379652
HP,Notebook,4,Windows,1.48,58607.46719999999,0,0,111.93520355955211,Intel Core i5,0,0,Intel,55918.750946323365
HP,Notebook,4,Windows,1.95,64202.4,0,0,157.3505121487356,Intel Core i5,0,0,Intel,57579.932615768994
HP,Ultrabook,8,Windows,1.43,77202.72,0,0,157.3505121487356,Intel Core i7,0,0,Intel,82088.07836817614
HP,Notebook,8,Windows,1.64,55904.5728,0,0,157.3505121487356,Intel Core i5,0,0,Nvidia,55676.96606620701
HP,Notebook,4,Windows,1.64,36443.52,0,0,111.93520355955211,Intel Core i3,0,0,Intel,35062.77476853063
Dell,Gaming,8,Windows,2.65,50562.72,0,0,141.21199808219862,Intel Core i5,0,0,Nvidia,53346.20526036208
HP,Ultrabook,4,Windows,1.26,81997.92,0,0,176.23257360658386,Intel Core i5,0,0,Intel,76796.62616148948
HP,Notebook,4,Windows,1.48,84715.2,0,0,157.3505121487356,Intel Core i5,0,0,Intel,62139.35457617972
HP,Ultrabook,8,Windows,1.54,100550.5488,0,0,157.3505121487356,Intel Core i7,0,0,Intel,84843.0120533945
HP,Notebook,4,Windows,1.49,42624.0,0,0,117.82653006268643,Intel Core i3,0,0,Intel,38930.48978908267
Toshiba,Notebook,8,Windows,1.5,64468.8,0,0,117.82653006268643,Intel Core i5,0,0,Intel,59658.261220860215
HP,Notebook,4,Windows,2.04,41025.0672,0,0,100.45466986113651,Intel Core i3,0,0,Intel,31286.317349448127
Lenovo,Notebook,16,Windows,2.4,158135.04,0,1,254.67134914246222,Intel Core i7,0,0,Nvidia,132093.66628644534
Toshiba,Notebook,8,Windows,1.47,79387.2,0,1,157.3505121487356,Intel Core i5,0,0,Intel,68240.91267147854
HP,Notebook,8,Windows,1.43,118761.12,0,0,157.3505121487356,Intel Core i7,0,0,Intel,88198.68297619338
Dell,2 in 1 Convertible,4,Windows,2.08,42410.3472,1,1,141.21199808219862,Intel Core i3,0,0,Intel,36276.61412678074
Toshiba,Ultrabook,8,Windows,1.2,84715.2,0,0,165.6321180513006,Intel Core i5,0,0,Intel,76908.81262759952
HP,Notebook,8,Windows,1.11,61218.72,0,1,165.6321180513006,Intel Core i5,0,0,Intel,69083.10570346114
HP,Notebook,8,Windows,1.64,63159.7104,0,0,157.3505121487356,Intel Core i7,0,0,Nvidia,58935.80905914646
Dell,Notebook,8,Windows,2.09,55754.3232,0,0,141.21199808219862,Intel Core i5,0,0,Intel,49052.85491045838
HP,Ultrabook,4,Windows,1.26,83063.52,0,0,125.36742798669837,Intel Core i5,0,0,Intel,69554.31977128188
HP,Notebook,4,Windows,2.31,63349.92,0,0,111.93520355955211,Intel Core i5,0,0,Intel,45115.84562051293
HP,Notebook,4,Windows,1.95,56476.8,0,0,111.93520355955211,Intel Core i5,0,0,Intel,50544.63716442238
Dell,Ultrabook,8,Windows,1.29,86526.72,1,0,276.053530085501,Intel Core i5,0,0,Intel,82417.05712863676
HP,Notebook,8,Windows,2.63,57542.4,0,0,127.33567457123111,Intel Core i5,0,0,Nvidia,53659.12690156798
HP,Notebook,4,Windows,1.64,51841.44,0,0,111.93520355955211,Intel Core i5,0,0,Intel,46762.21313342861
Acer,Notebook,6,Windows,2.1,21791.52,0,0,100.45466986113651,AMD Processor,0,0,AMD,22470.220293818307
MSI,Gaming,8,Windows,2.7,63499.10399999999,0,0,127.33567457123111,Intel Core i7,0,0,Nvidia,73065.57730327517
HP,Notebook,8,Windows,1.95,63669.6,0,0,157.3505121487356,Intel Core i5,0,0,Intel,57559.19018168813
HP,Notebook,8,Windows,1.84,65480.5872,0,0,141.21199808219862,Intel Core i7,0,0,Intel,67638.46172346559
HP,Ultrabook,8,Windows,1.26,71874.72,0,0,176.23257360658386,Intel Core i7,0,0,Intel,84050.65051550079
HP,Notebook,4,Windows,2.04,39533.76,0,0,100.45466986113651,Intel Core i5,0,0,Intel,39593.072838997774
Toshiba,Ultrabook,8,Windows,1.47,91908.0,0,1,157.3505121487356,Intel Core i7,0,0,Intel,84609.49325905032
Dell,Notebook,8,Windows,2.09,56633.976,0,0,141.21199808219862,Intel Core i5,0,0,Intel,49052.85491045838
HP,Notebook,8,Windows,1.64,53839.9728,0,0,157.3505121487356,Intel Core i5,0,0,Intel,54094.24243797239
Lenovo,2 in 1 Convertible,4,Windows,1.8,45128.16,1,1,141.21199808219862,Intel Core i7,0,0,Intel,40871.342605962076
Vero,Notebook,2,Windows,1.45,11231.424,0,0,111.93520355955211,Other Intel Processor,0,0,Intel,13008.57933730813
Toshiba,Notebook,16,Windows,2.4,75924.0,0,1,141.21199808219862,Intel Core i7,0,0,Nvidia,83874.85645317637
Lenovo,Notebook,8,Windows,2.3,55922.688,0,0,141.21199808219862,Intel Core i5,0,0,Intel,52997.13115785119
HP,Notebook,4,Windows,1.54,53280.0,0,0,157.3505121487356,Intel Core i5,0,0,Intel,54772.57227161204
HP,Notebook,8,Windows,1.84,112065.9552,0,0,141.21199808219862,Intel Core i5,0,0,Intel,78189.7173343857
HP,Notebook,8,Windows,1.43,78268.31999999999,0,0,157.3505121487356,Intel Core i5,0,0,Intel,76266.53883836456
MSI,Gaming,16,Windows,3.78,82351.6992,0,1,127.33567457123111,Intel Core i7,0,0,Nvidia,103863.10872161355
Lenovo,Gaming,16,Windows,4.6,122010.66719999998,0,1,127.33567457123111,Intel Core i7,0,0,Nvidia,131265.27679143482
Asus,Netbook,4,Other,1.2,15339.311999999998,0,0,135.0942111925629,Other Intel Processor,0,0,Intel,15989.687772169662
Lenovo,Notebook,16,Windows,1.1,139593.6,0,1,209.8006828649808,Intel Core i7,0,0,Intel,110678.2650830413
HP,Notebook,8,Windows,1.91,52161.12,0,1,141.21199808219862,Intel Core i7,0,0,Nvidia,53676.79991382848
Dell,2 in 1 Convertible,8,Windows,2.3,58288.32,1,1,141.21199808219862,Intel Core i5,0,0,Intel,53010.14712800204
HP,Notebook,4,Windows,2.04,52161.12,0,0,100.45466986113651,Intel Core i5,0,0,Intel,39593.072838997774
Dell,Ultrabook,16,Windows,1.2,120093.12,1,0,276.053530085501,Intel Core i7,0,0,Intel,114770.48333773836
HP,Notebook,4,Windows,2.31,37570.392,0,0,100.45466986113651,Intel Core i3,0,0,Intel,30986.673855973408
HP,Notebook,4,Other,1.96,26586.72,0,0,100.45466986113651,Intel Core i5,0,0,Intel,29790.261260204334
Acer,Notebook,8,Windows,2.4,23922.72,0,0,100.45466986113651,AMD Processor,0,0,AMD,28845.44710131398
Dell,2 in 1 Convertible,12,Windows,1.6,69210.72,1,1,165.6321180513006,Intel Core i7,0,0,Intel,59596.172375653005
MSI,Gaming,16,Windows,2.94,96916.32,0,0,141.21199808219862,Intel Core i7,0,0,Nvidia,103662.98426550724
HP,Notebook,8,Windows,2.04,57009.6,0,0,141.21199808219862,Intel Core i7,0,0,Intel,50568.467877369745
Asus,Gaming,16,Other,4.0,53173.44,0,1,127.33567457123111,Intel Core i7,0,0,Nvidia,107848.32435535376
Dell,Notebook,4,Windows,2.25,29783.52,0,0,141.21199808219862,Intel Core i5,0,0,Intel,33965.38070360856
Dell,Notebook,16,Windows,2.32,52746.6672,0,0,141.21199808219862,Intel Core i7,0,0,AMD,60200.3028743425
MSI,Gaming,16,Windows,1.8,102777.12,0,0,141.21199808219862,Intel Core i7,0,0,Nvidia,105161.96405222628
Dell,Ultrabook,8,Windows,1.29,77682.23999999999,0,0,165.6321180513006,Intel Core i7,0,0,Intel,79603.68488646505
Asus,Gaming,64,Windows,3.58,211788.0,0,1,127.33567457123111,Intel Core i7,0,0,Nvidia,141279.3409587511
Dell,2 in 1 Convertible,8,Windows,1.62,42517.9728,1,0,165.6321180513006,Intel Core i7,0,0,Intel,50137.3733883149
Dell,Gaming,16,Windows,3.21,70809.12,0,0,282.42399616439724,Intel Core i7,0,0,Nvidia,117829.69606350578
Apple,Ultrabook,8,Mac,0.92,69264.0,0,1,226.41554716935852,Other Intel Processor,0,0,Intel,67267.4134910889
Dell,Notebook,4,Windows,2.06,25679.8944,0,0,100.45466986113651,Intel Core i3,0,0,Intel,27403.184337075556
HP,Notebook,4,Windows,2.31,63882.72,0,0,100.45466986113651,Intel Core i5,0,0,Intel,47951.994126115445
HP,Ultrabook,8,Windows,1.26,63882.72,0,0,176.23257360658386,Intel Core i5,0,0,Intel,76144.66568723621
HP,Notebook,8,Windows,1.49,58075.2,0,0,165.6321180513006,Intel Core i7,0,0,Intel,61146.07565561052
Lenovo,Ultrabook,8,Windows,1.3,91294.7472,1,1,176.23257360658386,Intel Core i7,0,0,Intel,87805.86692925637
Lenovo,Notebook,8,Windows,3.0,35111.52,0,0,106.11306214269258,Intel Core i5,0,0,AMD,36305.18189669823
Lenovo,Notebook,4,Windows,2.3,52054.56,0,1,141.21199808219862,Intel Core i5,0,0,Nvidia,34595.54733566331
MSI,Gaming,16,Windows,3.78,133146.72,0,0,127.33567457123111,Intel Core i7,0,0,Nvidia,122113.23029083529
Lenovo,Notebook,4,Windows,2.1,28771.2,0,0,100.45466986113651,Intel Core i5,0,0,Intel,30672.792672796433
HP,Notebook,4,Windows,2.31,50083.2,0,0,141.21199808219862,Intel Core i5,0,0,Intel,43411.73275193308
Lenovo,Ultrabook,8,Windows,0.99,74538.72,1,1,234.9767648087785,Other Intel Processor,0,0,Intel,74734.9135976492
Lenovo,Gaming,32,Windows,4.6,172627.19999999998,0,1,127.33567457123111,Intel Core i7,0,0,Nvidia,167228.4719425368
Lenovo,2 in 1 Convertible,4,Windows,0.69,34433.2656,1,1,224.17380907857276,Other Intel Processor,0,0,Intel,25897.990194259186
HP,Ultrabook,16,Windows,1.3,109170.72,0,1,331.2642361026012,Intel Core i7,0,0,Intel,110807.71833115698
Dell,Notebook,8,Windows,2.18,39960.0,0,0,141.21199808219862,Intel Core i5,0,0,Intel,45711.100803254616
HP,Notebook,4,Windows,1.54,54931.14719999999,0,0,157.3505121487356,Intel Core i5,0,0,Intel,54772.57227161204
HP,Workstation,8,Windows,1.9,79653.59999999999,0,0,141.21199808219862,Intel Core i7,0,0,AMD,94082.79234617909
Lenovo,Notebook,8,Windows,1.7,63882.72,0,0,157.3505121487356,Intel Core i5,0,0,Intel,64844.80736421306
HP,Notebook,4,Other,1.29,32767.2,0,0,276.053530085501,Other Intel Processor,0,0,Intel,23145.746762096358
Acer,Notebook,4,Windows,2.4,20619.36,0,0,100.45466986113651,AMD Processor,0,0,AMD,21430.270122927617
Dell,Notebook,4,Other,2.2,20965.1472,0,0,100.45466986113651,Other Intel Processor,0,0,Intel,17776.57237551871
HP,Notebook,4,Other,1.86,18434.3472,0,0,100.45466986113651,Intel Core i3,0,0,Intel,20175.345696108012
Asus,Gaming,8,Windows,2.7,85194.72,0,1,127.33567457123111,Intel Core i7,0,0,Nvidia,76757.31636449712
Dell,Ultrabook,4,Windows,1.4,43601.688,0,1,165.6321180513006,Intel Core i5,0,0,AMD,48853.12848387359
HP,Netbook,4,Windows,2.4,85194.72,0,0,125.36742798669837,Intel Core i5,0,0,Intel,58804.851722814376
Acer,Notebook,8,Windows,2.4,42570.72,0,0,141.21199808219862,Intel Core i5,0,0,Nvidia,45182.27330605018
Dell,Notebook,8,Windows,2.36,34035.264,0,0,141.21199808219862,Intel Core i5,0,0,AMD,41365.297764727686
MSI,Gaming,8,Windows,2.6,85194.72,0,0,127.33567457123111,Intel Core i7,0,0,Nvidia,73607.44580264
HP,Notebook,4,Windows,1.96,26640.0,0,0,100.45466986113651,Other Intel Processor,0,0,Intel,17890.458316126907
Asus,Gaming,16,Windows,4.3,122490.72,0,1,127.33567457123111,Intel Core i7,0,0,Nvidia,117693.40005531612
Dell,Ultrabook,4,Windows,1.5,60480.792,0,0,125.36742798669837,Intel Core i3,0,0,Intel,50798.8571371231
Dell,Ultrabook,4,Windows,1.5,62176.1616,0,0,125.36742798669837,Intel Core i3,0,0,Intel,50798.8571371231
Acer,Notebook,4,Other,2.2,11135.52,0,0,100.45466986113651,Other Intel Processor,0,0,Intel,16997.247224246054
HP,Workstation,8,Windows,3.0,154458.72,0,1,127.33567457123111,Intel Core i7,0,0,AMD,135171.88853008382
Lenovo,Gaming,16,Windows,2.4,63882.72,0,0,141.21199808219862,Intel Core i7,0,0,Nvidia,70875.86957599304
Dell,Ultrabook,8,Windows,1.5,75289.968,0,0,125.36742798669837,Intel Core i5,0,0,Intel,64533.62695742989
MSI,Gaming,8,Windows,2.9,80516.20319999999,0,0,127.33567457123111,Intel Core i7,0,0,Nvidia,76835.25343985193
Lenovo,2 in 1 Convertible,4,Windows,2.1,46193.76,1,1,141.21199808219862,Intel Core i5,0,0,Intel,41292.041088934
HP,Notebook,4,Windows,2.1,21205.44,0,0,141.21199808219862,AMD Processor,0,0,AMD,24494.912221640807
Asus,Gaming,16,Windows,2.59,71341.92,0,1,141.21199808219862,Intel Core i7,0,0,Nvidia,83764.3670991941
HP,Notebook,8,Windows,1.16,90522.72,1,0,276.053530085501,Other Intel Processor,0,0,Intel,82011.93044434008
Dell,Notebook,4,Windows,2.24,40980.312,0,0,100.45466986113651,Intel Core i5,0,0,AMD,35835.87160759452
Lenovo,Notebook,4,Windows,2.1,22857.12,0,0,100.45466986113651,Intel Core i3,0,0,Intel,24091.312748613902
HP,Ultrabook,8,Windows,1.16,104908.32,0,0,165.6321180513006,Intel Core i7,0,0,Intel,94003.40889710243
Lenovo,2 in 1 Convertible,4,Other,0.69,29250.72,1,1,224.17380907857276,Other Intel Processor,0,0,Intel,23329.661914796325
Dell,Ultrabook,8,Windows,1.23,73473.12,0,0,165.6321180513006,Intel Core i7,0,0,Intel,79139.05091592413
Lenovo,Gaming,16,Windows,4.6,146519.46719999998,0,1,127.33567457123111,Intel Core i7,0,0,Nvidia,131265.27679143482
Razer,Ultrabook,8,Windows,1.25,54825.12,1,0,352.4651472131677,Intel Core i7,0,0,Intel,70245.25770566112
Toshiba,Ultrabook,16,Windows,1.05,118601.28,0,0,165.6321180513006,Intel Core i7,0,0,Intel,108112.022339384
Asus,Gaming,8,Windows,3.52,69929.4672,0,0,127.33567457123111,Intel Core i7,0,0,Nvidia,73610.39595686826
Vero,Notebook,4,Windows,1.35,10442.88,0,0,165.6321180513006,Other Intel Processor,0,0,Intel,13834.492337627718
HP,Notebook,8,Windows,1.16,90043.2,0,0,165.6321180513006,Intel Core i5,0,0,Intel,76924.80605016954
HP,Notebook,8,Windows,1.43,80612.64,0,0,157.3505121487356,Intel Core i5,0,0,Intel,76266.53883836456
Dell,Notebook,4,Other,2.09,27899.0064,0,0,100.45466986113651,Intel Core i5,0,0,Intel,28643.188760095538
Asus,Notebook,4,Windows,2.0,23176.8,0,0,100.45466986113651,Intel Core i3,0,0,Intel,25504.168432748822
Lenovo,2 in 1 Convertible,8,Windows,1.8,88924.31999999999,1,1,157.3505121487356,Intel Core i7,0,0,Intel,73723.98107905782
Lenovo,2 in 1 Convertible,4,Windows,0.69,25521.12,1,1,224.17380907857276,Other Intel Processor,0,0,Intel,25897.990194259186
HP,Ultrabook,8,Windows,1.26,100965.6,0,0,125.36742798669837,Intel Core i5,0,0,Intel,64584.8632310524
Lenovo,Gaming,8,Other,2.4,52693.92,0,1,141.21199808219862,Intel Core i5,0,0,Nvidia,45116.930517205605
HP,Gaming,8,Windows,3.35,60153.12,0,1,127.33567457123111,Intel Core i5,0,0,Nvidia,77934.06925655837
HP,Notebook,8,Windows,2.04,33513.119999999995,0,0,100.45466986113651,Intel Core i7,0,0,Intel,33623.25616426885
Lenovo,2 in 1 Convertible,8,Windows,1.8,109244.2464,1,1,157.3505121487356,Intel Core i7,0,0,Nvidia,75054.50263595526
Asus,Notebook,4,Windows,1.5,14811.84,0,0,111.93520355955211,Other Intel Processor,0,0,Intel,15996.100200610219
HP,Ultrabook,8,Windows,1.84,40066.56,0,0,141.21199808219862,Intel Core i7,0,0,Intel,61876.296230220694
Acer,Notebook,4,Windows,2.23,32820.48,0,0,141.21199808219862,Intel Core i5,0,0,Nvidia,35534.1746678284
Lenovo,Notebook,16,Windows,2.5,58554.72,0,0,141.21199808219862,Intel Core i7,0,0,AMD,68547.53428176357
HP,Workstation,8,Windows,3.0,210424.032,0,1,127.33567457123111,Intel Core i7,0,0,Nvidia,141729.6829177067
Dell,Notebook,8,Windows,2.5,41771.52,0,0,100.45466986113651,Intel Core i5,0,0,AMD,36205.22141501371
MSI,Gaming,16,Windows,3.78,127818.72,0,0,127.33567457123111,Intel Core i7,0,0,Nvidia,122113.23029083529
HP,Ultrabook,8,Windows,1.88,115709.2416,0,0,141.21199808219862,Intel Core i7,0,0,Intel,71991.89567108112
Lenovo,2 in 1 Convertible,16,Windows,2.8,130003.2,1,1,209.8006828649808,Intel Core i7,0,0,Intel,100806.79592439777
MSI,Gaming,8,Windows,2.4,60888.384,0,0,141.21199808219862,Intel Core i7,0,0,Nvidia,62920.72778084842
HP,2 in 1 Convertible,8,Windows,1.48,86793.12,1,0,165.6321180513006,Intel Core i5,0,0,Intel,77454.64007628079
HP,Workstation,8,Windows,2.59,118761.12,0,1,141.21199808219862,Intel Core i7,0,0,Nvidia,107168.43213280314
HP,2 in 1 Convertible,8,Windows,1.48,95850.72,1,0,220.84282406840083,Intel Core i7,0,0,Intel,98604.92229940953
HP,Workstation,8,Windows,2.0,101178.72,0,0,141.21199808219862,Intel Core i7,0,0,Nvidia,100154.76018449462
HP,Ultrabook,8,Windows,1.26,122381.49599999998,0,0,176.23257360658386,Intel Core i7,0,0,Intel,84050.65051550079
Dell,Notebook,8,Windows,2.18,53807.472,0,0,141.21199808219862,Intel Core i7,0,0,Nvidia,49804.91108753248
HP,Notebook,8,Windows,1.88,84129.12,0,0,141.21199808219862,Intel Core i5,0,0,Intel,58197.6279880058
Lenovo,2 in 1 Convertible,8,Windows,1.27,124621.92,1,1,209.8006828649808,Intel Core i7,0,0,Intel,104150.26458410488
Lenovo,Notebook,4,Other,1.9,18061.92,0,0,100.45466986113651,Intel Core i3,0,0,Intel,20929.727273616983
HP,Notebook,4,Windows,1.86,15824.16,0,0,100.45466986113651,AMD Processor,0,0,AMD,18181.58676548983
Lenovo,Notebook,8,Other,2.32,31914.72,0,0,141.21199808219862,Intel Core i5,0,0,AMD,34043.910904196164
Dell,Gaming,8,Windows,2.62,63882.72,0,0,141.21199808219862,Intel Core i7,0,0,Nvidia,57449.235464752484
Dell,Notebook,8,Windows,2.04,119916.2304,1,1,282.42399616439724,Intel Core i5,0,0,Nvidia,92216.29232562066
HP,Notebook,4,Windows,1.91,25515.2592,0,0,141.21199808219862,AMD Processor,0,0,AMD,25417.0822243986
MSI,Gaming,16,Windows,2.7,79536.38399999999,0,0,127.33567457123111,Intel Core i7,0,0,Nvidia,92104.77769604791
Lenovo,Ultrabook,12,Windows,1.4,122490.72,0,0,157.3505121487356,Intel Core i7,0,0,Intel,96998.37135610916
Lenovo,Notebook,8,Windows,2.5,42010.7472,0,0,141.21199808219862,Intel Core i5,0,0,AMD,45216.60098448856
HP,2 in 1 Convertible,8,Windows,1.48,108744.48,1,0,220.84282406840083,Intel Core i7,0,0,Intel,98604.92229940953
Lenovo,Ultrabook,8,Windows,1.7,79866.72,0,0,157.3505121487356,Intel Core i7,0,0,Intel,75014.57196658311
MSI,Gaming,16,Windows,1.7,94252.32,0,0,157.3505121487356,Intel Core i7,0,0,Nvidia,103693.0630759145
HP,Gaming,8,Windows,2.62,47898.72,0,1,141.21199808219862,Intel Core i7,0,0,Nvidia,57616.88311514511
Lenovo,Notebook,8,Windows,2.2,24455.52,0,0,100.45466986113651,Intel Core i3,0,0,Intel,24805.158878114496
HP,Notebook,4,Other,2.1,25414.0272,0,0,100.45466986113651,Intel Core i5,0,0,Intel,26790.127110448288
Dell,Gaming,8,Windows,2.62,79813.44,0,0,282.42399616439724,Intel Core i7,0,0,Nvidia,79457.9067905904
Lenovo,Notebook,8,Windows,1.95,74059.2,0,1,141.21199808219862,Intel Core i5,0,0,Intel,69477.18644023425
Lenovo,Notebook,4,Windows,2.2,24935.04,0,0,141.21199808219862,Intel Core i3,0,0,Nvidia,27600.478948897107
HP,Notebook,2,Windows,1.44,13266.72,0,0,111.93520355955211,Other Intel Processor,0,0,Intel,13400.743975114685
MSI,Gaming,8,Windows,2.2,44701.92,0,1,141.21199808219862,Intel Core i7,0,0,Nvidia,57106.55426376282
HP,Notebook,8,Windows,1.96,36177.12,0,0,141.21199808219862,Intel Core i7,0,0,Intel,46458.76206165833
HP,Notebook,16,Windows,2.1,61751.52,0,0,141.21199808219862,Intel Core i7,0,0,Intel,65951.50073123118
Asus,Notebook,4,Windows,2.2,19660.32,0,0,100.45466986113651,Other Intel Processor,0,0,Intel,19421.704025600855
Lenovo,Notebook,4,Other,2.1,21205.44,0,0,100.45466986113651,Intel Core i5,0,0,Intel,24484.558751256376
Lenovo,Notebook,8,Other,2.2,37775.52,0,0,141.21199808219862,Intel Core i7,0,0,Nvidia,36790.69722669636
Asus,Notebook,4,Windows,2.0,40972.32,0,0,157.3505121487356,Intel Core i3,0,0,Intel,33986.154532408276
Lenovo,Notebook,4,Windows,2.32,43956.0,0,0,141.21199808219862,Intel Core i7,0,0,Intel,42313.75629966564
Lenovo,Gaming,16,Windows,3.31,69530.4,0,1,141.21199808219862,Intel Core i7,0,0,Nvidia,83528.73348298429
MSI,Gaming,16,Windows,1.91,114731.5536,0,0,141.21199808219862,Intel Core i7,0,0,Nvidia,105944.43735860709
HP,Notebook,4,Windows,2.07,34632.0,0,0,100.45466986113651,Intel Core i3,0,0,Intel,31173.684650214043
Lenovo,2 in 1 Convertible,8,Windows,1.36,87219.36,1,1,209.8006828649808,Intel Core i5,0,0,Intel,84584.46569464442
Lenovo,Ultrabook,6,Windows,1.54,44275.68,0,0,141.21199808219862,Intel Core i7,0,0,Nvidia,47494.81222973051
Dell,Notebook,8,Other,1.98,47686.1328,0,0,141.21199808219862,Intel Core i7,0,0,Nvidia,45495.7190473084
Acer,Notebook,4,Windows,2.1,17742.239999999998,0,0,100.45466986113651,Other Intel Processor,0,0,Intel,18527.985622077696
HP,Notebook,6,Windows,2.18,42570.72,0,1,141.21199808219862,Intel Core i7,0,0,Nvidia,38826.6348100437
Asus,Gaming,8,Windows,2.591,48431.52,0,1,141.21199808219862,Intel Core i7,0,0,Nvidia,58887.977548136194
Dell,2 in 1 Convertible,16,Windows,2.09,62817.12,1,0,141.21199808219862,Intel Core i7,0,0,Intel,69502.69687929477
Acer,Notebook,4,Windows,2.23,36816.48,0,0,141.21199808219862,Intel Core i5,0,0,Nvidia,35534.1746678284
Dell,Ultrabook,8,Other,1.23,58554.72,1,0,276.053530085501,Intel Core i5,0,0,Intel,69416.47280339224
Acer,Gaming,16,Windows,4.2,138474.72,0,1,127.33567457123111,Intel Core i7,0,0,Nvidia,118172.80125599864
Lenovo,Gaming,8,Windows,2.4,43636.32,0,1,141.21199808219862,Intel Core i5,0,0,Nvidia,48804.71401972316
HP,Notebook,4,Windows,1.86,25840.8,0,0,100.45466986113651,Intel Core i5,0,0,Intel,32782.80960567693
Apple,Ultrabook,8,Mac,0.92,61964.64,0,1,226.41554716935852,Other Intel Processor,0,0,Intel,67267.4134910889
Dell,2 in 1 Convertible,8,Windows,1.6,63882.72,1,1,165.6321180513006,Intel Core i5,0,0,Intel,51070.09705627738
HP,Notebook,12,Windows,2.21,70702.56,0,1,141.21199808219862,Intel Core i7,0,0,Nvidia,58278.66786986635
Lenovo,Notebook,4,Other,1.9,19607.04,0,0,100.45466986113651,Intel Core i3,0,0,AMD,20714.425370491634
Asus,Gaming,16,Windows,4.3,114552.0,0,1,127.33567457123111,Intel Core i7,0,0,Nvidia,117693.40005531612
Acer,Notebook,4,Other,2.1,14492.16,0,0,100.45466986113651,Other Intel Processor,0,0,Intel,16560.61598554521
MSI,Gaming,16,Windows,2.43,109165.392,0,0,127.33567457123111,Intel Core i7,0,0,Nvidia,93656.09070209942
Dell,Notebook,4,Windows,2.3,26586.72,0,0,100.45466986113651,Intel Core i3,0,0,AMD,26324.965064665506
Lenovo,Notebook,8,Other,2.2,33513.119999999995,0,0,100.45466986113651,Intel Core i7,0,0,Nvidia,34428.34295015546
Dell,2 in 1 Convertible,16,Windows,2.0,68464.8,1,0,141.21199808219862,Intel Core i7,0,0,Intel,73376.73546873603
Dell,Ultrabook,16,Windows,1.2,142790.4,1,0,276.053530085501,Intel Core i7,0,0,Intel,114770.48333773836
Asus,Gaming,8,Windows,2.2,62284.32,0,0,141.21199808219862,Intel Core i7,0,0,Nvidia,61344.945803326635
Dell,Notebook,8,Windows,2.36,47365.92,0,0,141.21199808219862,Intel Core i5,0,0,AMD,41365.297764727686
HP,Notebook,8,Windows,1.91,30849.12,0,0,100.45466986113651,Intel Core i5,0,0,Intel,33341.55452414334
Lenovo,Notebook,4,Windows,2.2,15930.72,0,0,100.45466986113651,AMD Processor,0,0,AMD,18357.455684157587
Acer,Notebook,8,Windows,3.3,33513.119999999995,0,0,106.11306214269258,Intel Core i3,0,0,Nvidia,31595.604138328752
Asus,Gaming,16,Windows,2.2,130482.72,0,0,141.21199808219862,Intel Core i7,0,0,Nvidia,100743.8200718956
Apple,Ultrabook,8,Mac,0.92,68145.12,0,1,226.41554716935852,Other Intel Processor,0,0,Intel,67267.4134910889
Asus,Notebook,16,Windows,2.2,93186.72,0,0,141.21199808219862,Intel Core i7,0,0,Nvidia,86936.83269181743
MSI,Gaming,16,Windows,2.43,103842.1872,0,1,127.33567457123111,Intel Core i7,0,0,Nvidia,97514.56658567248
Dell,2 in 1 Convertible,8,Windows,2.191,53226.72,1,1,141.21199808219862,Intel Core i5,0,0,Intel,52300.105624993324
Asus,Gaming,16,Windows,2.9,103842.72,0,0,127.33567457123111,Intel Core i7,0,0,Nvidia,101234.30482447727
Acer,Netbook,2,Other,1.3,9270.72,0,0,135.0942111925629,Other Intel Processor,0,0,Intel,11280.934829197262
Acer,Notebook,4,Windows,3.3,31861.44,0,0,106.11306214269258,Intel Core i3,0,0,Nvidia,29822.900553310927
Lenovo,Notebook,8,Other,2.8,28717.92,0,0,106.11306214269258,Intel Core i5,0,0,Intel,33744.71725768016
Lenovo,Gaming,8,Windows,2.6,67772.16,0,1,141.21199808219862,Intel Core i7,0,0,Nvidia,59523.84998478404
Acer,2 in 1 Convertible,8,Windows,1.2,61218.72,1,1,157.3505121487356,Intel Core i7,0,0,Intel,79593.59030039876
Lenovo,Notebook,8,Windows,2.3,81465.12,0,1,141.21199808219862,Intel Core i7,0,0,Intel,61335.69978507978
MSI,Gaming,8,Windows,2.2,78647.1408,0,0,141.21199808219862,Intel Core i7,0,0,Nvidia,65404.87063727731
HP,Notebook,6,Windows,2.1,28185.12,0,0,141.21199808219862,AMD Processor,0,0,AMD,27761.186646357386
Dell,Ultrabook,8,Windows,1.26,91288.3536,1,0,176.23257360658386,Intel Core i5,0,0,Intel,82405.34198781457
Dell,2 in 1 Convertible,4,Windows,2.08,27119.52,1,0,146.86047800548656,Intel Core i3,0,0,Intel,30917.334046209486
Asus,Notebook,4,Windows,2.65,16463.52,0,0,100.45466986113651,Other Intel Processor,0,0,Intel,20899.288212658903
Dell,Ultrabook,8,Windows,1.29,78694.56,1,0,276.053530085501,Intel Core i7,0,0,Intel,80016.17356397827
Dell,Notebook,4,Other,2.18,27804.7008,0,0,100.45466986113651,Intel Core i5,0,0,Intel,28916.997893077183
Lenovo,Gaming,16,Windows,2.6,54825.12,1,1,141.21199808219862,Intel Core i7,0,0,Nvidia,61356.5677745185
MSI,Gaming,8,Windows,2.2,61218.72,0,0,141.21199808219862,Intel Core i7,0,0,Nvidia,65404.87063727731
Lenovo,Netbook,16,Windows,1.3,87912.0,1,1,176.23257360658386,Intel Core i7,0,0,Intel,86983.75031751672
Razer,Gaming,16,Windows,1.95,186426.72,0,0,157.3505121487356,Intel Core i7,0,0,Nvidia,141631.0722191895
Dell,Notebook,8,Windows,2.3,24988.8528,1,0,100.45466986113651,Intel Core i3,0,0,Intel,27081.48083695149
MSI,Gaming,16,Windows,2.7,85141.44,0,0,127.33567457123111,Intel Core i7,0,0,Nvidia,92104.77769604791
Apple,Ultrabook,4,Mac,1.08,51095.52,0,0,135.0942111925629,Intel Core i5,0,0,Intel,57453.995737764075
HP,Notebook,4,Windows,2.1,25467.84,0,0,141.21199808219862,Intel Core i3,0,0,Intel,29936.32595799388
HP,Ultrabook,8,Windows,1.54,117119.5632,0,0,209.8006828649808,Intel Core i7,0,0,Intel,97941.28371511823
Dell,Notebook,4,Windows,2.24,39267.36,0,0,100.45466986113651,Intel Core i5,0,0,Intel,35216.62332377928
MSI,Gaming,8,Windows,2.3,62284.32,0,0,141.21199808219862,Intel Core i7,0,0,Nvidia,64164.10556081114
Lenovo,Notebook,16,Windows,1.4,79866.72,0,1,165.6321180513006,Intel Core i7,0,0,Intel,81136.18057204898
Lenovo,Notebook,6,Windows,2.2,31838.5296,0,0,141.21199808219862,AMD Processor,0,0,AMD,28010.7176607129
Asus,Ultrabook,8,Windows,1.45,68198.4,0,0,165.6321180513006,Intel Core i7,0,0,Intel,70827.58350107522
Acer,Notebook,4,Other,2.4,19276.704,0,0,100.45466986113651,Intel Core i3,0,0,Intel,20633.544794144163
Dell,2 in 1 Convertible,16,Windows,2.77,95850.72,1,0,127.33567457123111,Intel Core i7,0,0,Nvidia,91205.1676161975
HP,Notebook,4,Windows,1.54,58607.46719999999,0,0,157.3505121487356,Intel Core i5,0,0,Intel,54772.57227161204
Asus,Gaming,16,Windows,2.5,85248.0,0,1,141.21199808219862,Intel Core i7,0,0,Nvidia,85503.07419713114
Dell,Notebook,4,Windows,1.6,46620.0,0,0,111.93520355955211,Intel Core i5,0,0,Intel,44635.84151378596
Asus,Gaming,16,Windows,2.34,123876.0,0,1,141.21199808219862,Intel Core i7,0,0,Nvidia,89946.6635914881
Lenovo,Notebook,8,Other,2.3,30529.44,0,1,141.21199808219862,Intel Core i5,0,0,Intel,33556.710289992625
Dell,2 in 1 Convertible,8,Windows,1.24,96596.64,1,0,276.053530085501,Intel Core i5,0,0,Intel,91671.72216982543
Dell,Notebook,4,Other,2.2,17262.72,0,0,100.45466986113651,Other Intel Processor,0,0,Intel,17776.57237551871
HP,Notebook,4,Windows,1.86,21258.72,0,0,100.45466986113651,AMD Processor,0,0,AMD,18181.58676548983
Lenovo,Notebook,6,Windows,2.4,30316.32,0,0,141.21199808219862,Intel Core i3,0,0,Nvidia,28801.8873983226
Lenovo,Notebook,8,Windows,1.9,57116.16,0,1,157.3505121487356,Intel Core i5,0,0,Intel,57670.407702039876
Dell,Notebook,4,Windows,2.2,23655.7872,0,0,100.45466986113651,Other Intel Processor,0,0,Intel,19289.882081768388
Asus,Notebook,4,Windows,2.0,18061.92,0,0,100.45466986113651,Other Intel Processor,0,0,Intel,17874.887971862496
Asus,Gaming,16,Windows,4.0,101232.0,0,1,127.33567457123111,Intel Core i7,0,0,Nvidia,110543.27362839927
Dell,Notebook,4,Windows,2.29,26107.2,0,0,100.45466986113651,Intel Core i3,0,0,Intel,25041.122676017498
Lenovo,Notebook,8,Windows,2.32,47685.6,0,0,141.21199808219862,Intel Core i7,0,0,AMD,48661.48692381779
MSI,Gaming,8,Windows,2.4,65481.12,0,0,141.21199808219862,Intel Core i7,0,0,Nvidia,62920.72778084842
Lenovo,2 in 1 Convertible,4,Windows,1.8,44382.7728,1,0,157.3505121487356,Intel Core i5,0,0,Intel,43892.243156905555
Asus,Ultrabook,8,Windows,1.2,38841.12,0,1,165.6321180513006,Other Intel Processor,0,0,Intel,48090.01671750361
Dell,Notebook,6,Windows,2.3,24455.52,0,0,100.45466986113651,Intel Core i3,0,0,Intel,24419.08394647145
Acer,Notebook,4,Other,2.4,15397.92,0,0,100.45466986113651,Other Intel Processor,0,0,Intel,16245.436723191944
Dell,Notebook,2,Windows,2.2,20193.12,0,0,100.45466986113651,Other Intel Processor,0,0,Intel,17557.094546184733
Lenovo,Notebook,8,Windows,2.6,47898.72,0,1,141.21199808219862,Intel Core i7,0,0,Nvidia,53032.459366232855
HP,Notebook,6,Windows,2.04,29303.4672,0,0,141.21199808219862,AMD Processor,0,0,AMD,28990.662783953707
Dell,Notebook,8,Other,2.3,42943.1472,0,0,100.45466986113651,Intel Core i7,0,0,AMD,39830.09324351076
HP,Netbook,2,Windows,1.17,11135.52,0,0,135.0942111925629,Other Intel Processor,0,0,Intel,11741.457079331745
Asus,Notebook,4,Windows,2.2,38378.6496,0,0,100.45466986113651,Intel Core i7,0,0,Nvidia,37063.87843914126
Lenovo,2 in 1 Convertible,4,Windows,1.8,33992.64,1,1,157.3505121487356,Intel Core i7,0,0,Intel,37275.05515888443
Lenovo,2 in 1 Convertible,16,Windows,1.3,79866.72,1,1,276.053530085501,Intel Core i7,0,0,Intel,87902.13728898732
Lenovo,Notebook,2,Windows,1.5,12201.12,0,0,111.93520355955211,Other Intel Processor,0,0,Intel,13002.428313445347
HP,Notebook,6,Windows,2.19,40705.92,0,0,100.45466986113651,Intel Core i7,0,0,AMD,37857.45926294734
Asus,Notebook,4,Windows,2.2,19660.32,0,0,100.45466986113651,Other Intel Processor,0,0,Intel,19421.704025600855
Asus,Ultrabook,8,Windows,1.2,38841.12,0,1,165.6321180513006,Other Intel Processor,0,0,Intel,48090.01671750361
Dell,Notebook,6,Windows,2.3,24455.52,0,0,100.45466986113651,Intel Core i3,0,0,Intel,24419.08394647145
Acer,Notebook,4,Other,2.4,15397.92,0,0,100.45466986113651,Other Intel Processor,0,0,Intel,16245.436723191944
Dell,Notebook,2,Windows,2.2,20193.12,0,0,100.45466986113651,Other Intel Processor,0,0,Intel,17557.094546184733
Lenovo,Notebook,8,Windows,2.6,47898.72,0,1,141.21199808219862,Intel Core i7,0,0,Nvidia,53032.459366232855
HP,Notebook,6,Windows,2.04,29303.4672,0,0,141.21199808219862,AMD Processor,0,0,AMD,28990.662783953707
Dell,Notebook,8,Other,2.3,42943.1472,0,0,100.45466986113651,Intel Core i7,0,0,AMD,39830.09324351076
HP,Netbook,2,Windows,1.17,11135.52,0,0,135.0942111925629,Other Intel Processor,0,0,Intel,11741.457079331745
Asus,Notebook,4,Windows,2.2,38378.6496,0,0,100.45466986113651,Intel Core i7,0,0,Nvidia,37063.87843914126
Lenovo,2 in 1 Convertible,4,Windows,1.8,33992.64,1,1,157.3505121487356,Intel Core i7,0,0,Intel,37275.05515888443
Lenovo,2 in 1 Convertible,16,Windows,1.3,79866.72,1,1,276.053530085501,Intel Core i7,0,0,Intel,87902.13728898732
Lenovo,Notebook,2,Windows,1.5,12201.12,0,0,111.93520355955211,Other Intel Processor,0,0,Intel,13002.428313445347
HP,Notebook,6,Windows,2.19,40705.92,0,0,100.45466986113651,Intel Core i7,0,0,AMD,37857.45926294734
Asus,Notebook,4,Windows,2.2,19660.32,0,0,100.45466986113651,Other Intel Processor,0,0,Intel,19421.704025600855
Asus,Ultrabook,8,Windows,1.2,38841.12,0,1,165.6321180513006,Other Intel Processor,0,0,Intel,48090.01671750361
Dell,Notebook,6,Windows,2.3,24455.52,0,0,100.45466986113651,Intel Core i3,0,0,Intel,24419.08394647145
Acer,Notebook,4,Other,2.4,15397.92,0,0,100.45466986113651,Other Intel Processor,0,0,Intel,16245.436723191944
Dell,Notebook,2,Windows,2.2,20193.12,0,0,100.45466986113651,Other Intel Processor,0,0,Intel,17557.094546184733
Lenovo,Notebook,8,Windows,2.6,47898.72,0,1,141.21199808219862,Intel Core i7,0,0,Nvidia,53032.459366232855
HP,Notebook,6,Windows,2.04,29303.4672,0,0,141.21199808219862,AMD Processor,0,0,AMD,28990.662783953707
Dell,Notebook,8,Other,2.3,42943.1472,0,0,100.45466986113651,Intel Core i7,0,0,AMD,39830.09324351076
HP,Netbook,2,Windows,1.17,11135.52,0,0,135.0942111925629,Other Intel Processor,0,0,Intel,11741.457079331745
Asus,Notebook,4,Windows,2.2,38378.6496,0,0,100.45466986113651,Intel Core i7,0,0,Nvidia,37063.87843914126
Lenovo,2 in 1 Convertible,4,Windows,1.8,33992.64,1,1,157.3505121487356,Intel Core i7,0,0,Intel,37275.05515888443
Lenovo,2 in 1 Convertible,16,Windows,1.3,79866.72,1,1,276.053530085501,Intel Core i7,0,0,Intel,87902.13728898732
Lenovo,Notebook,2,Windows,1.5,12201.12,0,0,111.93520355955211,Other Intel Processor,0,0,Intel,13002.428313445347
HP,Notebook,6,Windows,2.19,40705.92,0,0,100.45466986113651,Intel Core i7,0,0,AMD,37857.45926294734
Asus,Notebook,4,Windows,2.2,19660.32,0,0,100.45466986113651,Other Intel Processor,0,0,Intel,19421.704025600855
